[Sun Jan 25 13:43:57.951192 2026] [ssl:warn] [pid 10520:tid 448] AH01909: www.example.com:443:0 server certificate does NOT include an ID which matches the server name
[Sun Jan 25 13:43:57.983967 2026] [ssl:warn] [pid 10520:tid 448] AH01909: www.example.com:443:0 server certificate does NOT include an ID which matches the server name
[Sun Jan 25 13:43:58.026010 2026] [mpm_winnt:notice] [pid 10520:tid 448] AH00455: Apache/2.4.58 (Win64) OpenSSL/3.1.3 PHP/8.2.12 configured -- resuming normal operations
[Sun Jan 25 13:43:58.026010 2026] [mpm_winnt:notice] [pid 10520:tid 448] AH00456: Apache Lounge VS17 Server built: Oct 18 2023 13:03:18
[Sun Jan 25 13:43:58.026010 2026] [core:notice] [pid 10520:tid 448] AH00094: Command line: 'C:\\xampp\\apache\\bin\\httpd.exe -d C:/xampp/apache'
[Sun Jan 25 13:43:58.030088 2026] [mpm_winnt:notice] [pid 10520:tid 448] AH00418: Parent: Created child process 3088
[Sun Jan 25 13:43:58.463721 2026] [ssl:warn] [pid 3088:tid 452] AH01909: www.example.com:443:0 server certificate does NOT include an ID which matches the server name
[Sun Jan 25 13:43:58.495719 2026] [ssl:warn] [pid 3088:tid 452] AH01909: www.example.com:443:0 server certificate does NOT include an ID which matches the server name
[Sun Jan 25 13:43:58.534089 2026] [mpm_winnt:notice] [pid 3088:tid 452] AH00354: Child: Starting 150 worker threads.
[Sun Jan 25 13:44:32.625795 2026] [ssl:warn] [pid 8788:tid 444] AH01909: www.example.com:443:0 server certificate does NOT include an ID which matches the server name
[Sun Jan 25 13:44:32.664794 2026] [ssl:warn] [pid 8788:tid 444] AH01909: www.example.com:443:0 server certificate does NOT include an ID which matches the server name
[Sun Jan 25 13:44:32.706530 2026] [mpm_winnt:notice] [pid 8788:tid 444] AH00455: Apache/2.4.58 (Win64) OpenSSL/3.1.3 PHP/8.2.12 configured -- resuming normal operations
[Sun Jan 25 13:44:32.706530 2026] [mpm_winnt:notice] [pid 8788:tid 444] AH00456: Apache Lounge VS17 Server built: Oct 18 2023 13:03:18
[Sun Jan 25 13:44:32.706530 2026] [core:notice] [pid 8788:tid 444] AH00094: Command line: 'c:\\xampp\\apache\\bin\\httpd.exe -d C:/xampp/apache'
[Sun Jan 25 13:44:32.716122 2026] [mpm_winnt:notice] [pid 8788:tid 444] AH00418: Parent: Created child process 6644
[Sun Jan 25 13:44:33.146795 2026] [ssl:warn] [pid 6644:tid 440] AH01909: www.example.com:443:0 server certificate does NOT include an ID which matches the server name
[Sun Jan 25 13:44:33.191299 2026] [ssl:warn] [pid 6644:tid 440] AH01909: www.example.com:443:0 server certificate does NOT include an ID which matches the server name
[Sun Jan 25 13:44:33.239119 2026] [mpm_winnt:notice] [pid 6644:tid 440] AH00354: Child: Starting 150 worker threads.
[Sun Jan 25 14:39:50.923270 2026] [php:notice] [pid 6644:tid 1896] [client ::1:51029] WordPress database error Table 'wp_e_events' already exists for query CREATE TABLE `wp_e_events` (\n\t\t\tid bigint(20) unsigned auto_increment primary key,\n\t\t\tevent_data text null,\n\t\t\tcreated_at datetime not null\n\t\t) DEFAULT CHARACTER SET utf8mb4 COLLATE utf8mb4_unicode_520_ci; made by require_once('wp-load.php'), require_once('wp-config.php'), require_once('wp-settings.php'), do_action('init'), WP_Hook->do_action, WP_Hook->apply_filters, Elementor\\Plugin->init, Elementor\\Plugin->init_components, Elementor\\Core\\Admin\\Admin->__construct, Elementor\\Plugin->init_common, Elementor\\Core\\Common\\App->init_components, Elementor\\Core\\Common\\Modules\\EventTracker\\Module->__construct, Elementor\\Core\\Common\\Modules\\EventTracker\\DB->__construct, Elementor\\Core\\Common\\Modules\\EventTracker\\DB->create_table, referer: http://localhost/wordpress/wp-admin/themes.php?page=starter-templates&ci=6&s=event
[Sun Jan 25 14:39:50.938143 2026] [php:notice] [pid 6644:tid 1868] [client ::1:51008] WordPress database error Duplicate key name 'created_at_index' for query ALTER TABLE wp_e_events\n    \t\tADD INDEX `created_at_index` (`created_at`)\n\t\t made by require_once('wp-load.php'), require_once('wp-config.php'), require_once('wp-settings.php'), do_action('init'), WP_Hook->do_action, WP_Hook->apply_filters, Elementor\\Plugin->init, Elementor\\Plugin->init_components, Elementor\\Core\\Admin\\Admin->__construct, Elementor\\Plugin->init_common, Elementor\\Core\\Common\\App->init_components, Elementor\\Core\\Common\\Modules\\EventTracker\\Module->__construct, Elementor\\Core\\Common\\Modules\\EventTracker\\DB->__construct, Elementor\\Core\\Common\\Modules\\EventTracker\\DB->add_indexes, referer: http://localhost/wordpress/wp-admin/themes.php?page=starter-templates&ci=6&s=event
[Mon Jan 26 21:24:21.291461 2026] [ssl:warn] [pid 2372:tid 412] AH01909: www.example.com:443:0 server certificate does NOT include an ID which matches the server name
[Mon Jan 26 21:24:21.347704 2026] [core:warn] [pid 2372:tid 412] AH00098: pid file C:/xampp/apache/logs/httpd.pid overwritten -- Unclean shutdown of previous Apache run?
[Mon Jan 26 21:24:21.351237 2026] [ssl:warn] [pid 2372:tid 412] AH01909: www.example.com:443:0 server certificate does NOT include an ID which matches the server name
[Mon Jan 26 21:24:22.198625 2026] [mpm_winnt:notice] [pid 2372:tid 412] AH00455: Apache/2.4.58 (Win64) OpenSSL/3.1.3 PHP/8.2.12 configured -- resuming normal operations
[Mon Jan 26 21:24:22.198625 2026] [mpm_winnt:notice] [pid 2372:tid 412] AH00456: Apache Lounge VS17 Server built: Oct 18 2023 13:03:18
[Mon Jan 26 21:24:22.198625 2026] [core:notice] [pid 2372:tid 412] AH00094: Command line: 'c:\\xampp\\apache\\bin\\httpd.exe -d C:/xampp/apache'
[Mon Jan 26 21:24:22.205464 2026] [mpm_winnt:notice] [pid 2372:tid 412] AH00418: Parent: Created child process 4536
[Mon Jan 26 21:24:22.550627 2026] [ssl:warn] [pid 4536:tid 420] AH01909: www.example.com:443:0 server certificate does NOT include an ID which matches the server name
[Mon Jan 26 21:24:22.617969 2026] [ssl:warn] [pid 4536:tid 420] AH01909: www.example.com:443:0 server certificate does NOT include an ID which matches the server name
[Mon Jan 26 21:24:22.663438 2026] [mpm_winnt:notice] [pid 4536:tid 420] AH00354: Child: Starting 150 worker threads.
[Tue Jan 27 09:09:56.959001 2026] [ssl:warn] [pid 10260:tid 424] AH01909: www.example.com:443:0 server certificate does NOT include an ID which matches the server name
[Tue Jan 27 09:09:57.041227 2026] [core:warn] [pid 10260:tid 424] AH00098: pid file C:/xampp/apache/logs/httpd.pid overwritten -- Unclean shutdown of previous Apache run?
[Tue Jan 27 09:09:57.046296 2026] [ssl:warn] [pid 10260:tid 424] AH01909: www.example.com:443:0 server certificate does NOT include an ID which matches the server name
[Tue Jan 27 09:09:57.656688 2026] [mpm_winnt:notice] [pid 10260:tid 424] AH00455: Apache/2.4.58 (Win64) OpenSSL/3.1.3 PHP/8.2.12 configured -- resuming normal operations
[Tue Jan 27 09:09:57.656688 2026] [mpm_winnt:notice] [pid 10260:tid 424] AH00456: Apache Lounge VS17 Server built: Oct 18 2023 13:03:18
[Tue Jan 27 09:09:57.656688 2026] [core:notice] [pid 10260:tid 424] AH00094: Command line: 'c:\\xampp\\apache\\bin\\httpd.exe -d C:/xampp/apache'
[Tue Jan 27 09:09:57.659936 2026] [mpm_winnt:notice] [pid 10260:tid 424] AH00418: Parent: Created child process 9372
[Tue Jan 27 09:09:58.028583 2026] [ssl:warn] [pid 9372:tid 440] AH01909: www.example.com:443:0 server certificate does NOT include an ID which matches the server name
[Tue Jan 27 09:09:58.080525 2026] [ssl:warn] [pid 9372:tid 440] AH01909: www.example.com:443:0 server certificate does NOT include an ID which matches the server name
[Tue Jan 27 09:09:58.118672 2026] [mpm_winnt:notice] [pid 9372:tid 440] AH00354: Child: Starting 150 worker threads.
[Tue Jan 27 09:21:25.621103 2026] [core:error] [pid 9372:tid 1844] (20024)The given path is misformatted or contained invalid characters: [client ::1:50253] AH00127: Cannot map GET /wordpress/wp-content/plugins/C:/xampp/htdocs/wordpress/wp-content/themes/hestia/vendor/codeinwp/themeisle-sdk/assets/js/build/survey/survey_deps.js?ver=44eb6f2a376d36991f76 HTTP/1.1 to file, referer: http://localhost/wordpress/wp-admin/customize.php?theme=hestia&return=http%3A%2F%2Flocalhost%2Fwordpress%2Fwp-admin%2Fthemes.php%3Ftheme%3Dhestia
[Tue Jan 27 09:21:25.879260 2026] [php:warn] [pid 9372:tid 1836] [client ::1:50252] PHP Warning:  Array to string conversion in C:\\xampp\\htdocs\\wordpress\\wp-includes\\formatting.php on line 1128, referer: http://localhost/wordpress/wp-admin/themes.php?theme=hestia
[Tue Jan 27 09:37:42.070751 2026] [php:warn] [pid 9372:tid 1824] [client ::1:51506] PHP Warning:  Attempt to read property "ID" on null in C:\\xampp\\htdocs\\wordpress\\wp-content\\themes\\hestia\\inc\\views\\class-hestia-tweaks.php on line 75, referer: http://localhost/wordpress/wp-admin/nav-menus.php
[Tue Jan 27 09:37:52.100624 2026] [php:warn] [pid 9372:tid 1824] [client ::1:51506] PHP Warning:  Attempt to read property "ID" on null in C:\\xampp\\htdocs\\wordpress\\wp-content\\themes\\hestia\\inc\\views\\class-hestia-tweaks.php on line 75, referer: http://localhost/wordpress/wp-admin/post-new.php
[Tue Jan 27 09:37:55.325950 2026] [php:warn] [pid 9372:tid 1816] [client ::1:51516] PHP Warning:  Attempt to read property "ID" on null in C:\\xampp\\htdocs\\wordpress\\wp-content\\themes\\hestia\\inc\\views\\class-hestia-tweaks.php on line 75, referer: http://localhost/wordpress/wp-admin/post-new.php
[Tue Jan 27 09:38:05.443288 2026] [core:error] [pid 9372:tid 1808] (20024)The given path is misformatted or contained invalid characters: [client ::1:51550] AH00127: Cannot map GET /wordpress/wp-content/plugins/C:/xampp/htdocs/wordpress/wp-content/themes/hestia/vendor/codeinwp/themeisle-sdk/assets/js/build/promos/style-index.css?ver=1e086c2d21f2850672d5 HTTP/1.1 to file, referer: http://localhost/wordpress/wp-admin/post.php?post=450&action=elementor
[Tue Jan 27 09:38:09.044112 2026] [core:error] [pid 9372:tid 1816] (20024)The given path is misformatted or contained invalid characters: [client ::1:51516] AH00127: Cannot map GET /wordpress/wp-content/plugins/C:/xampp/htdocs/wordpress/wp-content/themes/hestia/vendor/codeinwp/themeisle-sdk/assets/js/build/promos/index.js?ver=1e086c2d21f2850672d5 HTTP/1.1 to file, referer: http://localhost/wordpress/wp-admin/post.php?post=450&action=elementor
[Tue Jan 27 09:38:11.173659 2026] [php:warn] [pid 9372:tid 1824] [client ::1:51552] PHP Warning:  Attempt to read property "ID" on null in C:\\xampp\\htdocs\\wordpress\\wp-content\\themes\\hestia\\inc\\views\\class-hestia-tweaks.php on line 75, referer: http://localhost/wordpress/wp-admin/post.php?post=450&action=elementor
[Tue Jan 27 09:38:24.555323 2026] [core:error] [pid 9372:tid 1832] (20024)The given path is misformatted or contained invalid characters: [client ::1:51581] AH00127: Cannot map GET /wordpress/wp-content/plugins/C:/xampp/htdocs/wordpress/wp-content/themes/hestia/vendor/codeinwp/themeisle-sdk/assets/js/build/promos/style-index.css?ver=1e086c2d21f2850672d5 HTTP/1.1 to file, referer: http://localhost/wordpress/wp-admin/post.php?post=450&action=elementor
[Tue Jan 27 09:38:25.157275 2026] [core:error] [pid 9372:tid 1824] (20024)The given path is misformatted or contained invalid characters: [client ::1:51590] AH00127: Cannot map GET /wordpress/wp-content/plugins/C:/xampp/htdocs/wordpress/wp-content/themes/hestia/vendor/codeinwp/themeisle-sdk/assets/js/build/promos/index.js?ver=1e086c2d21f2850672d5 HTTP/1.1 to file, referer: http://localhost/wordpress/wp-admin/post.php?post=450&action=elementor
[Tue Jan 27 09:38:26.470004 2026] [php:warn] [pid 9372:tid 1824] [client ::1:51590] PHP Warning:  Attempt to read property "ID" on null in C:\\xampp\\htdocs\\wordpress\\wp-content\\themes\\hestia\\inc\\views\\class-hestia-tweaks.php on line 75, referer: http://localhost/wordpress/wp-admin/post.php?post=450&action=elementor
[Tue Jan 27 09:38:45.343085 2026] [php:warn] [pid 9372:tid 1836] [client ::1:51610] PHP Warning:  Attempt to read property "ID" on null in C:\\xampp\\htdocs\\wordpress\\wp-content\\themes\\hestia\\inc\\views\\class-hestia-tweaks.php on line 75, referer: http://localhost/wordpress/wp-admin/post.php?post=450&action=edit
[Tue Jan 27 09:38:58.139404 2026] [core:error] [pid 9372:tid 1832] (20024)The given path is misformatted or contained invalid characters: [client ::1:51644] AH00127: Cannot map GET /wordpress/wp-content/plugins/C:/xampp/htdocs/wordpress/wp-content/themes/hestia/vendor/codeinwp/themeisle-sdk/assets/js/build/survey/survey_deps.js?ver=44eb6f2a376d36991f76 HTTP/1.1 to file, referer: http://localhost/wordpress/wp-admin/customize.php?theme=hestia&return=http%3A%2F%2Flocalhost%2Fwordpress%2Fwp-admin%2Fthemes.php
[Tue Jan 27 09:38:58.221131 2026] [php:warn] [pid 9372:tid 1844] [client ::1:51623] PHP Warning:  Array to string conversion in C:\\xampp\\htdocs\\wordpress\\wp-includes\\formatting.php on line 1128, referer: http://localhost/wordpress/wp-admin/themes.php
[Tue Jan 27 09:40:52.741702 2026] [core:error] [pid 9372:tid 1816] (20024)The given path is misformatted or contained invalid characters: [client ::1:51853] AH00127: Cannot map GET /wordpress/wp-content/plugins/C:/xampp/htdocs/wordpress/wp-content/themes/hestia/vendor/codeinwp/themeisle-sdk/assets/js/build/survey/survey_deps.js?ver=44eb6f2a376d36991f76 HTTP/1.1 to file, referer: http://localhost/wordpress/wp-admin/customize.php?return=%2Fwordpress%2Fwp-admin%2Fthemes.php
[Tue Jan 27 09:40:52.794424 2026] [php:warn] [pid 9372:tid 1844] [client ::1:51852] PHP Warning:  Array to string conversion in C:\\xampp\\htdocs\\wordpress\\wp-includes\\formatting.php on line 1128, referer: http://localhost/wordpress/wp-admin/themes.php
[Tue Jan 27 11:08:52.260109 2026] [php:warn] [pid 9372:tid 1816] [client ::1:53428] PHP Warning:  Attempt to read property "ID" on null in C:\\xampp\\htdocs\\wordpress\\wp-content\\themes\\hestia\\inc\\views\\class-hestia-tweaks.php on line 75, referer: http://localhost/wordpress/wp-admin/customize.php?return=%2Fwordpress%2Fwp-admin%2Fthemes.php
[Tue Jan 27 11:09:08.373318 2026] [php:warn] [pid 9372:tid 1844] [client ::1:53451] PHP Warning:  Attempt to read property "ID" on null in C:\\xampp\\htdocs\\wordpress\\wp-content\\themes\\hestia\\inc\\views\\class-hestia-tweaks.php on line 75, referer: http://localhost/wordpress/wp-admin/themes.php
[Tue Jan 27 11:09:09.904953 2026] [php:warn] [pid 9372:tid 1836] [client ::1:53457] PHP Warning:  Attempt to read property "ID" on null in C:\\xampp\\htdocs\\wordpress\\wp-content\\themes\\hestia\\inc\\views\\class-hestia-tweaks.php on line 75, referer: http://localhost/wordpress/wp-admin/themes.php
[Tue Jan 27 11:09:13.027291 2026] [php:warn] [pid 9372:tid 1836] [client ::1:53457] PHP Warning:  Attempt to read property "ID" on null in C:\\xampp\\htdocs\\wordpress\\wp-content\\themes\\hestia\\inc\\views\\class-hestia-tweaks.php on line 75, referer: http://localhost/wordpress/wp-admin/post-new.php?post_type=page
[Tue Jan 27 11:09:49.468236 2026] [php:warn] [pid 9372:tid 1832] [client ::1:53499] PHP Warning:  Attempt to read property "ID" on null in C:\\xampp\\htdocs\\wordpress\\wp-content\\themes\\hestia\\inc\\views\\class-hestia-tweaks.php on line 75, referer: http://localhost/wordpress/wp-admin/edit.php?post_type=page
[Tue Jan 27 11:09:49.496587 2026] [php:warn] [pid 9372:tid 1832] [client ::1:53499] PHP Warning:  Attempt to read property "ID" on null in C:\\xampp\\htdocs\\wordpress\\wp-content\\themes\\hestia\\inc\\views\\class-hestia-tweaks.php on line 75, referer: http://localhost/wordpress/wp-admin/edit.php?post_type=page
[Tue Jan 27 11:09:49.518606 2026] [php:warn] [pid 9372:tid 1832] [client ::1:53499] PHP Warning:  Attempt to read property "ID" on null in C:\\xampp\\htdocs\\wordpress\\wp-content\\themes\\hestia\\inc\\views\\class-hestia-tweaks.php on line 75, referer: http://localhost/wordpress/wp-admin/edit.php?post_type=page
[Tue Jan 27 11:09:49.566653 2026] [php:warn] [pid 9372:tid 1832] [client ::1:53499] PHP Warning:  Attempt to read property "ID" on null in C:\\xampp\\htdocs\\wordpress\\wp-content\\themes\\hestia\\inc\\views\\class-hestia-tweaks.php on line 75, referer: http://localhost/wordpress/wp-admin/edit.php?post_type=page
[Tue Jan 27 11:09:49.585627 2026] [php:warn] [pid 9372:tid 1832] [client ::1:53499] PHP Warning:  Attempt to read property "ID" on null in C:\\xampp\\htdocs\\wordpress\\wp-content\\themes\\hestia\\inc\\views\\class-hestia-tweaks.php on line 75, referer: http://localhost/wordpress/wp-admin/edit.php?post_type=page
[Tue Jan 27 11:09:49.604164 2026] [php:warn] [pid 9372:tid 1832] [client ::1:53499] PHP Warning:  Attempt to read property "ID" on null in C:\\xampp\\htdocs\\wordpress\\wp-content\\themes\\hestia\\inc\\views\\class-hestia-tweaks.php on line 75, referer: http://localhost/wordpress/wp-admin/edit.php?post_type=page
[Tue Jan 27 11:09:49.621308 2026] [php:warn] [pid 9372:tid 1832] [client ::1:53499] PHP Warning:  Attempt to read property "ID" on null in C:\\xampp\\htdocs\\wordpress\\wp-content\\themes\\hestia\\inc\\views\\class-hestia-tweaks.php on line 75, referer: http://localhost/wordpress/wp-admin/edit.php?post_type=page
[Tue Jan 27 11:09:49.641110 2026] [php:warn] [pid 9372:tid 1832] [client ::1:53499] PHP Warning:  Attempt to read property "ID" on null in C:\\xampp\\htdocs\\wordpress\\wp-content\\themes\\hestia\\inc\\views\\class-hestia-tweaks.php on line 75, referer: http://localhost/wordpress/wp-admin/edit.php?post_type=page
[Tue Jan 27 11:09:52.220782 2026] [php:warn] [pid 9372:tid 1832] [client ::1:53499] PHP Warning:  Attempt to read property "ID" on null in C:\\xampp\\htdocs\\wordpress\\wp-content\\themes\\hestia\\inc\\views\\class-hestia-tweaks.php on line 75, referer: http://localhost/wordpress/wp-admin/edit.php?post_type=page
[Tue Jan 27 11:09:55.202695 2026] [php:warn] [pid 9372:tid 1832] [client ::1:53499] PHP Warning:  Attempt to read property "ID" on null in C:\\xampp\\htdocs\\wordpress\\wp-content\\themes\\hestia\\inc\\views\\class-hestia-tweaks.php on line 75, referer: http://localhost/wordpress/wp-admin/post-new.php?post_type=page
[Tue Jan 27 11:10:15.757894 2026] [php:warn] [pid 9372:tid 1824] [client ::1:53618] PHP Warning:  Attempt to read property "ID" on null in C:\\xampp\\htdocs\\wordpress\\wp-content\\themes\\hestia\\inc\\views\\class-hestia-tweaks.php on line 75, referer: http://localhost/wordpress/wp-admin/post-new.php?post_type=page
[Tue Jan 27 11:13:41.456578 2026] [core:error] [pid 9372:tid 1816] (20024)The given path is misformatted or contained invalid characters: [client ::1:53802] AH00127: Cannot map GET /%22https://websitedemos.net/party-planner-02/wp-content/uploads/sites/991/2021/11/team2-370x370-1.jpg/%22 HTTP/1.1 to file
[Tue Jan 27 11:13:41.456852 2026] [core:error] [pid 9372:tid 1816] (20024)The given path is misformatted or contained invalid characters: [client ::1:53802] AH00127: Cannot map GET /%22https://websitedemos.net/party-planner-02/wp-content/uploads/sites/991/2021/11/team1-370x370-1.jpg/%22 HTTP/1.1 to file
[Tue Jan 27 11:13:41.497043 2026] [core:error] [pid 9372:tid 1816] (20024)The given path is misformatted or contained invalid characters: [client ::1:53802] AH00127: Cannot map GET /%22https://websitedemos.net/party-planner-02/wp-content/uploads/sites/991/2021/11/team3-370x370-1.jpg/%22 HTTP/1.1 to file
[Tue Jan 27 11:13:41.500122 2026] [core:error] [pid 9372:tid 1816] (20024)The given path is misformatted or contained invalid characters: [client ::1:53802] AH00127: Cannot map GET /%22https://websitedemos.net/party-planner-02/wp-content/uploads/sites/991/2021/11/testimonials2.png/%22 HTTP/1.1 to file
[Tue Jan 27 11:13:42.146793 2026] [php:warn] [pid 9372:tid 1824] [client ::1:53775] PHP Warning:  Attempt to read property "ID" on null in C:\\xampp\\htdocs\\wordpress\\wp-content\\themes\\hestia\\inc\\views\\class-hestia-tweaks.php on line 75, referer: http://localhost/wordpress/wp-admin/post.php?post=51&action=edit
[Tue Jan 27 11:13:42.571857 2026] [core:error] [pid 9372:tid 1832] (20024)The given path is misformatted or contained invalid characters: [client ::1:53794] AH00127: Cannot map GET /%22https://websitedemos.net/party-planner-02/wp-content/uploads/sites/991/2021/11/testimonials1.png/%22 HTTP/1.1 to file
[Tue Jan 27 11:13:42.572476 2026] [core:error] [pid 9372:tid 1832] (20024)The given path is misformatted or contained invalid characters: [client ::1:53794] AH00127: Cannot map GET /%22https://websitedemos.net/party-planner-02/wp-content/uploads/sites/991/2021/11/gallery-11a-1024x461.jpg HTTP/1.1 to file
[Tue Jan 27 11:13:42.574599 2026] [core:error] [pid 9372:tid 1832] (20024)The given path is misformatted or contained invalid characters: [client ::1:53794] AH00127: Cannot map GET /%22https://websitedemos.net/party-planner-02/wp-content/uploads/sites/991/2021/11/gallery-2.jpg HTTP/1.1 to file
[Tue Jan 27 11:13:42.576868 2026] [core:error] [pid 9372:tid 1832] (20024)The given path is misformatted or contained invalid characters: [client ::1:53794] AH00127: Cannot map GET /%22https://websitedemos.net/party-planner-02/wp-content/uploads/sites/991/2021/11/gallery-3.jpg HTTP/1.1 to file
[Tue Jan 27 11:13:42.577866 2026] [core:error] [pid 9372:tid 1832] (20024)The given path is misformatted or contained invalid characters: [client ::1:53794] AH00127: Cannot map GET /%22https://websitedemos.net/party-planner-02/wp-content/uploads/sites/991/2021/11/gallery-5.jpg HTTP/1.1 to file
[Tue Jan 27 11:13:42.578980 2026] [core:error] [pid 9372:tid 1832] (20024)The given path is misformatted or contained invalid characters: [client ::1:53794] AH00127: Cannot map GET /%22https://websitedemos.net/party-planner-02/wp-content/uploads/sites/991/2021/11/gallery-6.jpg HTTP/1.1 to file
[Tue Jan 27 11:13:42.579977 2026] [core:error] [pid 9372:tid 1832] (20024)The given path is misformatted or contained invalid characters: [client ::1:53794] AH00127: Cannot map GET /%22https://websitedemos.net/party-planner-02/wp-content/uploads/sites/991/2021/11/gallery-4-1024x452.jpg HTTP/1.1 to file
[Tue Jan 27 11:13:42.580974 2026] [core:error] [pid 9372:tid 1832] (20024)The given path is misformatted or contained invalid characters: [client ::1:53794] AH00127: Cannot map GET /%22https://websitedemos.net/party-planner-02/wp-content/uploads/sites/991/2021/11/cta-img-1.jpg HTTP/1.1 to file
[Tue Jan 27 11:13:57.473496 2026] [core:error] [pid 9372:tid 1816] (20024)The given path is misformatted or contained invalid characters: [client ::1:53845] AH00127: Cannot map GET /wordpress/wp-content/plugins/C:/xampp/htdocs/wordpress/wp-content/themes/hestia/vendor/codeinwp/themeisle-sdk/assets/js/build/promos/style-index.css?ver=1e086c2d21f2850672d5 HTTP/1.1 to file, referer: http://localhost/wordpress/wp-admin/post.php?post=51&action=elementor
[Tue Jan 27 11:13:57.778185 2026] [core:error] [pid 9372:tid 1824] (20024)The given path is misformatted or contained invalid characters: [client ::1:53828] AH00127: Cannot map GET /wordpress/wp-content/plugins/C:/xampp/htdocs/wordpress/wp-content/themes/hestia/vendor/codeinwp/themeisle-sdk/assets/js/build/promos/index.js?ver=1e086c2d21f2850672d5 HTTP/1.1 to file, referer: http://localhost/wordpress/wp-admin/post.php?post=51&action=elementor
[Tue Jan 27 11:13:59.760588 2026] [php:warn] [pid 9372:tid 1844] [client ::1:53854] PHP Warning:  Attempt to read property "ID" on null in C:\\xampp\\htdocs\\wordpress\\wp-content\\themes\\hestia\\inc\\views\\class-hestia-tweaks.php on line 75, referer: http://localhost/wordpress/wp-admin/post.php?post=51&action=elementor
[Tue Jan 27 11:16:35.790802 2026] [core:error] [pid 9372:tid 1836] (20024)The given path is misformatted or contained invalid characters: [client ::1:53922] AH00127: Cannot map GET /wordpress/wp-content/plugins/C:/xampp/htdocs/wordpress/wp-content/themes/hestia/vendor/codeinwp/themeisle-sdk/assets/js/build/promos/style-index.css?ver=1e086c2d21f2850672d5 HTTP/1.1 to file, referer: http://localhost/wordpress/wp-admin/post.php?post=51&action=elementor
[Tue Jan 27 11:16:39.742573 2026] [core:error] [pid 9372:tid 1836] (20024)The given path is misformatted or contained invalid characters: [client ::1:53922] AH00127: Cannot map GET /wordpress/wp-content/plugins/C:/xampp/htdocs/wordpress/wp-content/themes/hestia/vendor/codeinwp/themeisle-sdk/assets/js/build/promos/index.js?ver=1e086c2d21f2850672d5 HTTP/1.1 to file, referer: http://localhost/wordpress/wp-admin/post.php?post=51&action=elementor
[Tue Jan 27 11:16:41.203152 2026] [php:warn] [pid 9372:tid 1836] [client ::1:53922] PHP Warning:  Attempt to read property "ID" on null in C:\\xampp\\htdocs\\wordpress\\wp-content\\themes\\hestia\\inc\\views\\class-hestia-tweaks.php on line 75, referer: http://localhost/wordpress/wp-admin/post.php?post=51&action=elementor
[Tue Jan 27 11:19:56.061286 2026] [core:error] [pid 9372:tid 1844] (20024)The given path is misformatted or contained invalid characters: [client ::1:54027] AH00127: Cannot map GET /wordpress/wp-content/plugins/C:/xampp/htdocs/wordpress/wp-content/themes/hestia/vendor/codeinwp/themeisle-sdk/assets/js/build/promos/style-index.css?ver=1e086c2d21f2850672d5 HTTP/1.1 to file, referer: http://localhost/wordpress/wp-admin/post.php?post=51&action=elementor
[Tue Jan 27 11:19:57.288225 2026] [core:error] [pid 9372:tid 1808] (20024)The given path is misformatted or contained invalid characters: [client ::1:54043] AH00127: Cannot map GET /wordpress/wp-content/plugins/C:/xampp/htdocs/wordpress/wp-content/themes/hestia/vendor/codeinwp/themeisle-sdk/assets/js/build/promos/index.js?ver=1e086c2d21f2850672d5 HTTP/1.1 to file, referer: http://localhost/wordpress/wp-admin/post.php?post=51&action=elementor
[Tue Jan 27 11:19:59.328105 2026] [php:warn] [pid 9372:tid 1832] [client ::1:54037] PHP Warning:  Attempt to read property "ID" on null in C:\\xampp\\htdocs\\wordpress\\wp-content\\themes\\hestia\\inc\\views\\class-hestia-tweaks.php on line 75, referer: http://localhost/wordpress/wp-admin/post.php?post=51&action=elementor
[Tue Jan 27 11:25:51.306771 2026] [core:error] [pid 9372:tid 1808] (20024)The given path is misformatted or contained invalid characters: [client ::1:54226] AH00127: Cannot map GET /%22https://websitedemos.net/party-planner-02/wp-content/uploads/sites/991/2021/11/team2-370x370-1.jpg/%22 HTTP/1.1 to file
[Tue Jan 27 11:25:51.307767 2026] [core:error] [pid 9372:tid 1808] (20024)The given path is misformatted or contained invalid characters: [client ::1:54226] AH00127: Cannot map GET /%22https://websitedemos.net/party-planner-02/wp-content/uploads/sites/991/2021/11/team1-370x370-1.jpg/%22 HTTP/1.1 to file
[Tue Jan 27 11:25:51.355692 2026] [core:error] [pid 9372:tid 1808] (20024)The given path is misformatted or contained invalid characters: [client ::1:54226] AH00127: Cannot map GET /%22https://websitedemos.net/party-planner-02/wp-content/uploads/sites/991/2021/11/team3-370x370-1.jpg/%22 HTTP/1.1 to file
[Tue Jan 27 11:25:51.358164 2026] [core:error] [pid 9372:tid 1808] (20024)The given path is misformatted or contained invalid characters: [client ::1:54226] AH00127: Cannot map GET /%22https://websitedemos.net/party-planner-02/wp-content/uploads/sites/991/2021/11/testimonials2.png/%22 HTTP/1.1 to file
[Tue Jan 27 11:25:51.361302 2026] [core:error] [pid 9372:tid 1808] (20024)The given path is misformatted or contained invalid characters: [client ::1:54226] AH00127: Cannot map GET /%22https://websitedemos.net/party-planner-02/wp-content/uploads/sites/991/2021/11/testimonials1.png/%22 HTTP/1.1 to file
[Tue Jan 27 11:25:51.361646 2026] [core:error] [pid 9372:tid 1808] (20024)The given path is misformatted or contained invalid characters: [client ::1:54226] AH00127: Cannot map GET /%22https://websitedemos.net/party-planner-02/wp-content/uploads/sites/991/2021/11/gallery-11a-1024x461.jpg HTTP/1.1 to file
[Tue Jan 27 11:25:51.364153 2026] [core:error] [pid 9372:tid 1808] (20024)The given path is misformatted or contained invalid characters: [client ::1:54226] AH00127: Cannot map GET /%22https://websitedemos.net/party-planner-02/wp-content/uploads/sites/991/2021/11/gallery-2.jpg HTTP/1.1 to file
[Tue Jan 27 11:25:51.365151 2026] [core:error] [pid 9372:tid 1808] (20024)The given path is misformatted or contained invalid characters: [client ::1:54226] AH00127: Cannot map GET /%22https://websitedemos.net/party-planner-02/wp-content/uploads/sites/991/2021/11/gallery-3.jpg HTTP/1.1 to file
[Tue Jan 27 11:25:51.367145 2026] [core:error] [pid 9372:tid 1808] (20024)The given path is misformatted or contained invalid characters: [client ::1:54226] AH00127: Cannot map GET /%22https://websitedemos.net/party-planner-02/wp-content/uploads/sites/991/2021/11/gallery-5.jpg HTTP/1.1 to file
[Tue Jan 27 11:25:51.368142 2026] [core:error] [pid 9372:tid 1808] (20024)The given path is misformatted or contained invalid characters: [client ::1:54226] AH00127: Cannot map GET /%22https://websitedemos.net/party-planner-02/wp-content/uploads/sites/991/2021/11/gallery-6.jpg HTTP/1.1 to file
[Tue Jan 27 11:25:51.371234 2026] [core:error] [pid 9372:tid 1808] (20024)The given path is misformatted or contained invalid characters: [client ::1:54226] AH00127: Cannot map GET /%22https://websitedemos.net/party-planner-02/wp-content/uploads/sites/991/2021/11/gallery-4-1024x452.jpg HTTP/1.1 to file
[Tue Jan 27 11:25:51.373241 2026] [core:error] [pid 9372:tid 1808] (20024)The given path is misformatted or contained invalid characters: [client ::1:54226] AH00127: Cannot map GET /%22https://websitedemos.net/party-planner-02/wp-content/uploads/sites/991/2021/11/cta-img-1.jpg HTTP/1.1 to file
[Tue Jan 27 11:25:52.035608 2026] [php:warn] [pid 9372:tid 1844] [client ::1:54207] PHP Warning:  Attempt to read property "ID" on null in C:\\xampp\\htdocs\\wordpress\\wp-content\\themes\\hestia\\inc\\views\\class-hestia-tweaks.php on line 75, referer: http://localhost/wordpress/wp-admin/post.php?post=51&action=edit
[Tue Jan 27 11:25:57.098912 2026] [core:error] [pid 9372:tid 1844] (20024)The given path is misformatted or contained invalid characters: [client ::1:54207] AH00127: Cannot map GET /wordpress/wp-content/plugins/C:/xampp/htdocs/wordpress/wp-content/themes/hestia/vendor/codeinwp/themeisle-sdk/assets/js/build/promos/style-index.css?ver=1e086c2d21f2850672d5 HTTP/1.1 to file, referer: http://localhost/wordpress/wp-admin/post.php?post=51&action=elementor
[Tue Jan 27 11:25:57.356005 2026] [core:error] [pid 9372:tid 1808] (20024)The given path is misformatted or contained invalid characters: [client ::1:54226] AH00127: Cannot map GET /wordpress/wp-content/plugins/C:/xampp/htdocs/wordpress/wp-content/themes/hestia/vendor/codeinwp/themeisle-sdk/assets/js/build/promos/index.js?ver=1e086c2d21f2850672d5 HTTP/1.1 to file, referer: http://localhost/wordpress/wp-admin/post.php?post=51&action=elementor
[Tue Jan 27 11:25:59.460768 2026] [php:warn] [pid 9372:tid 1824] [client ::1:54251] PHP Warning:  Attempt to read property "ID" on null in C:\\xampp\\htdocs\\wordpress\\wp-content\\themes\\hestia\\inc\\views\\class-hestia-tweaks.php on line 75, referer: http://localhost/wordpress/wp-admin/post.php?post=51&action=elementor
[Tue Jan 27 11:28:39.268349 2026] [php:warn] [pid 9372:tid 1836] [client ::1:54333] PHP Warning:  Undefined array key "editor_post_id" in C:\\xampp\\htdocs\\wordpress\\wp-content\\plugins\\elementor\\modules\\history\\revisions-manager.php on line 363, referer: http://localhost/wordpress/wp-admin/post.php?post=440&action=elementor
[Tue Jan 27 11:30:00.084605 2026] [php:warn] [pid 9372:tid 1824] [client ::1:54375] PHP Warning:  Attempt to read property "ID" on null in C:\\xampp\\htdocs\\wordpress\\wp-content\\themes\\hestia\\inc\\views\\class-hestia-tweaks.php on line 75, referer: http://localhost/wordpress/wp-admin/post.php?post=51&action=edit
[Tue Jan 27 11:30:04.923974 2026] [core:error] [pid 9372:tid 1844] (20024)The given path is misformatted or contained invalid characters: [client ::1:54390] AH00127: Cannot map GET /wordpress/wp-content/plugins/C:/xampp/htdocs/wordpress/wp-content/themes/hestia/vendor/codeinwp/themeisle-sdk/assets/js/build/promos/style-index.css?ver=1e086c2d21f2850672d5 HTTP/1.1 to file, referer: http://localhost/wordpress/wp-admin/post.php?post=51&action=elementor
[Tue Jan 27 11:30:05.297916 2026] [core:error] [pid 9372:tid 1824] (20024)The given path is misformatted or contained invalid characters: [client ::1:54375] AH00127: Cannot map GET /wordpress/wp-content/plugins/C:/xampp/htdocs/wordpress/wp-content/themes/hestia/vendor/codeinwp/themeisle-sdk/assets/js/build/promos/index.js?ver=1e086c2d21f2850672d5 HTTP/1.1 to file, referer: http://localhost/wordpress/wp-admin/post.php?post=51&action=elementor
[Tue Jan 27 11:30:07.139895 2026] [php:warn] [pid 9372:tid 1832] [client ::1:54418] PHP Warning:  Attempt to read property "ID" on null in C:\\xampp\\htdocs\\wordpress\\wp-content\\themes\\hestia\\inc\\views\\class-hestia-tweaks.php on line 75, referer: http://localhost/wordpress/wp-admin/post.php?post=51&action=elementor
[Tue Jan 27 11:31:15.041720 2026] [php:warn] [pid 9372:tid 1844] [client ::1:54479] PHP Warning:  Attempt to read property "ID" on null in C:\\xampp\\htdocs\\wordpress\\wp-content\\themes\\hestia\\inc\\views\\class-hestia-tweaks.php on line 75, referer: http://localhost/wordpress/wp-admin/post.php?post=51&action=edit
[Tue Jan 27 11:31:48.200892 2026] [php:warn] [pid 9372:tid 1836] [client ::1:54520] PHP Warning:  Attempt to read property "ID" on null in C:\\xampp\\htdocs\\wordpress\\wp-content\\themes\\hestia\\inc\\views\\class-hestia-tweaks.php on line 75, referer: http://localhost/wordpress/wp-admin/post.php?post=435&action=edit
[Tue Jan 27 11:31:52.885349 2026] [core:error] [pid 9372:tid 1816] (20024)The given path is misformatted or contained invalid characters: [client ::1:54522] AH00127: Cannot map GET /wordpress/wp-content/plugins/C:/xampp/htdocs/wordpress/wp-content/themes/hestia/vendor/codeinwp/themeisle-sdk/assets/js/build/promos/style-index.css?ver=1e086c2d21f2850672d5 HTTP/1.1 to file, referer: http://localhost/wordpress/wp-admin/post.php?post=435&action=elementor
[Tue Jan 27 11:31:53.152908 2026] [core:error] [pid 9372:tid 1808] (20024)The given path is misformatted or contained invalid characters: [client ::1:54528] AH00127: Cannot map GET /wordpress/wp-content/plugins/C:/xampp/htdocs/wordpress/wp-content/themes/hestia/vendor/codeinwp/themeisle-sdk/assets/js/build/promos/index.js?ver=1e086c2d21f2850672d5 HTTP/1.1 to file, referer: http://localhost/wordpress/wp-admin/post.php?post=435&action=elementor
[Tue Jan 27 11:31:54.830461 2026] [php:warn] [pid 9372:tid 1844] [client ::1:54557] PHP Warning:  Attempt to read property "ID" on null in C:\\xampp\\htdocs\\wordpress\\wp-content\\themes\\hestia\\inc\\views\\class-hestia-tweaks.php on line 75, referer: http://localhost/wordpress/wp-admin/post.php?post=435&action=elementor
[Tue Jan 27 11:32:51.003544 2026] [php:warn] [pid 9372:tid 1832] [client ::1:54625] PHP Warning:  Attempt to read property "ID" on null in C:\\xampp\\htdocs\\wordpress\\wp-content\\themes\\hestia\\inc\\views\\class-hestia-tweaks.php on line 75, referer: http://localhost/wordpress/wp-admin/post.php?post=435&action=edit
[Tue Jan 27 11:34:50.206504 2026] [core:error] [pid 9372:tid 1832] (20024)The given path is misformatted or contained invalid characters: [client ::1:54716] AH00127: Cannot map GET /wordpress/wp-content/plugins/C:/xampp/htdocs/wordpress/wp-content/themes/hestia/vendor/codeinwp/themeisle-sdk/assets/js/build/promos/style-index.css?ver=1e086c2d21f2850672d5 HTTP/1.1 to file, referer: http://localhost/wordpress/wp-admin/post.php?post=51&action=elementor
[Tue Jan 27 11:34:50.460245 2026] [core:error] [pid 9372:tid 1808] (20024)The given path is misformatted or contained invalid characters: [client ::1:54702] AH00127: Cannot map GET /wordpress/wp-content/plugins/C:/xampp/htdocs/wordpress/wp-content/themes/hestia/vendor/codeinwp/themeisle-sdk/assets/js/build/promos/index.js?ver=1e086c2d21f2850672d5 HTTP/1.1 to file, referer: http://localhost/wordpress/wp-admin/post.php?post=51&action=elementor
[Tue Jan 27 11:34:52.440942 2026] [php:warn] [pid 9372:tid 1824] [client ::1:54725] PHP Warning:  Attempt to read property "ID" on null in C:\\xampp\\htdocs\\wordpress\\wp-content\\themes\\hestia\\inc\\views\\class-hestia-tweaks.php on line 75, referer: http://localhost/wordpress/wp-admin/post.php?post=51&action=elementor
[Tue Jan 27 11:35:50.928808 2026] [php:warn] [pid 9372:tid 1816] [client ::1:54755] PHP Warning:  Attempt to read property "ID" on null in C:\\xampp\\htdocs\\wordpress\\wp-content\\themes\\hestia\\inc\\views\\class-hestia-tweaks.php on line 75, referer: http://localhost/wordpress/wp-admin/post.php?post=51&action=edit
[Tue Jan 27 11:36:07.659148 2026] [php:warn] [pid 9372:tid 1836] [client ::1:54783] PHP Warning:  Attempt to read property "ID" on null in C:\\xampp\\htdocs\\wordpress\\wp-content\\themes\\hestia\\inc\\views\\class-hestia-tweaks.php on line 75, referer: http://localhost/wordpress/wp-admin/edit.php?post_type=page
[Tue Jan 27 11:36:11.104032 2026] [php:warn] [pid 9372:tid 1836] [client ::1:54783] PHP Warning:  Attempt to read property "ID" on null in C:\\xampp\\htdocs\\wordpress\\wp-content\\themes\\hestia\\inc\\views\\class-hestia-tweaks.php on line 75, referer: http://localhost/wordpress/wp-admin/post-new.php?post_type=page
[Tue Jan 27 11:36:21.299403 2026] [php:warn] [pid 9372:tid 1844] [client ::1:54794] PHP Warning:  Attempt to read property "ID" on null in C:\\xampp\\htdocs\\wordpress\\wp-content\\themes\\hestia\\inc\\views\\class-hestia-tweaks.php on line 75, referer: http://localhost/wordpress/wp-admin/post-new.php?post_type=page
[Tue Jan 27 11:36:51.817566 2026] [php:warn] [pid 9372:tid 1816] [client ::1:54834] PHP Warning:  Attempt to read property "ID" on null in C:\\xampp\\htdocs\\wordpress\\wp-content\\themes\\hestia\\inc\\views\\class-hestia-tweaks.php on line 75, referer: http://localhost/wordpress/wp-admin/edit.php?post_type=page
[Tue Jan 27 11:36:54.648933 2026] [php:warn] [pid 9372:tid 1816] [client ::1:54834] PHP Warning:  Attempt to read property "ID" on null in C:\\xampp\\htdocs\\wordpress\\wp-content\\themes\\hestia\\inc\\views\\class-hestia-tweaks.php on line 75, referer: http://localhost/wordpress/wp-admin/post-new.php?post_type=page
[Tue Jan 27 11:37:08.453883 2026] [php:warn] [pid 9372:tid 1816] [client ::1:54863] PHP Warning:  Attempt to read property "ID" on null in C:\\xampp\\htdocs\\wordpress\\wp-content\\themes\\hestia\\inc\\views\\class-hestia-tweaks.php on line 75, referer: http://localhost/wordpress/wp-admin/post-new.php?post_type=page
[Tue Jan 27 11:38:26.926092 2026] [php:warn] [pid 9372:tid 1844] [client ::1:54893] PHP Warning:  Attempt to read property "ID" on null in C:\\xampp\\htdocs\\wordpress\\wp-content\\themes\\hestia\\inc\\views\\class-hestia-tweaks.php on line 75, referer: http://localhost/wordpress/wp-admin/edit.php?post_type=page
[Tue Jan 27 11:38:29.664004 2026] [php:warn] [pid 9372:tid 1844] [client ::1:54893] PHP Warning:  Attempt to read property "ID" on null in C:\\xampp\\htdocs\\wordpress\\wp-content\\themes\\hestia\\inc\\views\\class-hestia-tweaks.php on line 75, referer: http://localhost/wordpress/wp-admin/post-new.php
[Tue Jan 27 22:49:25.157387 2026] [ssl:warn] [pid 11752:tid 432] AH01909: www.example.com:443:0 server certificate does NOT include an ID which matches the server name
[Tue Jan 27 22:49:25.232550 2026] [core:warn] [pid 11752:tid 432] AH00098: pid file C:/xampp/apache/logs/httpd.pid overwritten -- Unclean shutdown of previous Apache run?
[Tue Jan 27 22:49:25.238152 2026] [ssl:warn] [pid 11752:tid 432] AH01909: www.example.com:443:0 server certificate does NOT include an ID which matches the server name
[Tue Jan 27 22:49:25.975139 2026] [mpm_winnt:notice] [pid 11752:tid 432] AH00455: Apache/2.4.58 (Win64) OpenSSL/3.1.3 PHP/8.2.12 configured -- resuming normal operations
[Tue Jan 27 22:49:25.975139 2026] [mpm_winnt:notice] [pid 11752:tid 432] AH00456: Apache Lounge VS17 Server built: Oct 18 2023 13:03:18
[Tue Jan 27 22:49:25.975139 2026] [core:notice] [pid 11752:tid 432] AH00094: Command line: 'c:\\xampp\\apache\\bin\\httpd.exe -d C:/xampp/apache'
[Tue Jan 27 22:49:25.986405 2026] [mpm_winnt:notice] [pid 11752:tid 432] AH00418: Parent: Created child process 1496
[Tue Jan 27 22:49:26.440865 2026] [ssl:warn] [pid 1496:tid 428] AH01909: www.example.com:443:0 server certificate does NOT include an ID which matches the server name
[Tue Jan 27 22:49:26.520974 2026] [ssl:warn] [pid 1496:tid 428] AH01909: www.example.com:443:0 server certificate does NOT include an ID which matches the server name
[Tue Jan 27 22:49:26.571944 2026] [mpm_winnt:notice] [pid 1496:tid 428] AH00354: Child: Starting 150 worker threads.
[Tue Jan 27 23:16:24.778172 2026] [php:warn] [pid 1496:tid 1920] [client ::1:28001] PHP Warning:  Attempt to read property "ID" on null in C:\\xampp\\htdocs\\wordpress\\wp-content\\themes\\hestia\\inc\\views\\class-hestia-tweaks.php on line 75, referer: http://localhost/wordpress/wp-admin/edit-tags.php?taxonomy=category
[Tue Jan 27 23:16:32.674432 2026] [core:error] [pid 1496:tid 1896] (20024)The given path is misformatted or contained invalid characters: [client ::1:28009] AH00127: Cannot map GET /wordpress/wp-content/plugins/C:/xampp/htdocs/wordpress/wp-content/themes/hestia/vendor/codeinwp/themeisle-sdk/assets/js/build/promos/style-index.css?ver=1e086c2d21f2850672d5 HTTP/1.1 to file, referer: http://localhost/wordpress/wp-admin/post-new.php
[Tue Jan 27 23:16:33.099624 2026] [core:error] [pid 1496:tid 1912] (20024)The given path is misformatted or contained invalid characters: [client ::1:28010] AH00127: Cannot map GET /wordpress/wp-content/plugins/C:/xampp/htdocs/wordpress/wp-content/themes/hestia/vendor/codeinwp/themeisle-sdk/assets/js/build/promos/index.js?ver=1e086c2d21f2850672d5 HTTP/1.1 to file, referer: http://localhost/wordpress/wp-admin/post-new.php
[Tue Jan 27 23:16:35.414373 2026] [php:warn] [pid 1496:tid 1872] [client ::1:28007] PHP Warning:  Attempt to read property "ID" on null in C:\\xampp\\htdocs\\wordpress\\wp-content\\themes\\hestia\\inc\\views\\class-hestia-tweaks.php on line 75, referer: http://localhost/wordpress/wp-admin/post-new.php
[Tue Jan 27 23:19:18.934566 2026] [core:error] [pid 1496:tid 1920] (20024)The given path is misformatted or contained invalid characters: [client ::1:28185] AH00127: Cannot map GET /wordpress/wp-content/plugins/C:/xampp/htdocs/wordpress/wp-content/themes/hestia/vendor/codeinwp/themeisle-sdk/assets/js/build/promos/style-index.css?ver=1e086c2d21f2850672d5 HTTP/1.1 to file, referer: http://localhost/wordpress/wp-admin/post.php?post=51&action=elementor
[Tue Jan 27 23:19:22.865898 2026] [core:error] [pid 1496:tid 1896] (20024)The given path is misformatted or contained invalid characters: [client ::1:28184] AH00127: Cannot map GET /wordpress/wp-content/plugins/C:/xampp/htdocs/wordpress/wp-content/themes/hestia/vendor/codeinwp/themeisle-sdk/assets/js/build/promos/index.js?ver=1e086c2d21f2850672d5 HTTP/1.1 to file, referer: http://localhost/wordpress/wp-admin/post.php?post=51&action=elementor
[Tue Jan 27 23:19:25.424474 2026] [php:warn] [pid 1496:tid 1912] [client ::1:28164] PHP Warning:  Attempt to read property "ID" on null in C:\\xampp\\htdocs\\wordpress\\wp-content\\themes\\hestia\\inc\\views\\class-hestia-tweaks.php on line 75, referer: http://localhost/wordpress/wp-admin/post.php?post=51&action=elementor
[Tue Jan 27 23:20:22.851299 2026] [core:error] [pid 1496:tid 1912] (20024)The given path is misformatted or contained invalid characters: [client ::1:28227] AH00127: Cannot map GET /wordpress/wp-content/plugins/C:/xampp/htdocs/wordpress/wp-content/themes/hestia/vendor/codeinwp/themeisle-sdk/assets/js/build/survey/survey_deps.js?ver=44eb6f2a376d36991f76 HTTP/1.1 to file, referer: http://localhost/wordpress/wp-admin/customize.php?url=http%3A%2F%2Flocalhost%2Fwordpress%2F%3Fpreview_id%3D51%26preview_nonce%3D5ab0a8fed3%26preview%3Dtrue
[Tue Jan 27 23:20:22.996757 2026] [php:warn] [pid 1496:tid 1868] [client ::1:28218] PHP Warning:  Array to string conversion in C:\\xampp\\htdocs\\wordpress\\wp-includes\\formatting.php on line 1128, referer: http://localhost/wordpress/?preview_id=51&preview_nonce=5ab0a8fed3&preview=true
[Tue Jan 27 23:21:36.635699 2026] [core:error] [pid 1496:tid 1872] (20024)The given path is misformatted or contained invalid characters: [client ::1:28271] AH00127: Cannot map GET /wordpress/wp-content/plugins/C:/xampp/htdocs/wordpress/wp-content/themes/hestia/vendor/codeinwp/themeisle-sdk/assets/js/build/promos/style-index.css?ver=1e086c2d21f2850672d5 HTTP/1.1 to file, referer: http://localhost/wordpress/wp-admin/post.php?post=51&action=elementor
[Tue Jan 27 23:21:37.560179 2026] [core:error] [pid 1496:tid 1912] (20024)The given path is misformatted or contained invalid characters: [client ::1:28287] AH00127: Cannot map GET /wordpress/wp-content/plugins/C:/xampp/htdocs/wordpress/wp-content/themes/hestia/vendor/codeinwp/themeisle-sdk/assets/js/build/promos/index.js?ver=1e086c2d21f2850672d5 HTTP/1.1 to file, referer: http://localhost/wordpress/wp-admin/post.php?post=51&action=elementor
[Tue Jan 27 23:21:39.488120 2026] [php:warn] [pid 1496:tid 1912] [client ::1:28287] PHP Warning:  Attempt to read property "ID" on null in C:\\xampp\\htdocs\\wordpress\\wp-content\\themes\\hestia\\inc\\views\\class-hestia-tweaks.php on line 75, referer: http://localhost/wordpress/wp-admin/post.php?post=51&action=elementor
[Tue Jan 27 23:22:08.918179 2026] [core:error] [pid 1496:tid 1868] (20024)The given path is misformatted or contained invalid characters: [client ::1:28300] AH00127: Cannot map GET /wordpress/wp-content/plugins/C:/xampp/htdocs/wordpress/wp-content/themes/hestia/vendor/codeinwp/themeisle-sdk/assets/js/build/promos/style-index.css?ver=1e086c2d21f2850672d5 HTTP/1.1 to file, referer: http://localhost/wordpress/wp-admin/post.php?post=51&action=edit
[Tue Jan 27 23:22:09.232073 2026] [core:error] [pid 1496:tid 1912] (20024)The given path is misformatted or contained invalid characters: [client ::1:28287] AH00127: Cannot map GET /wordpress/wp-content/plugins/C:/xampp/htdocs/wordpress/wp-content/themes/hestia/vendor/codeinwp/themeisle-sdk/assets/js/build/promos/index.js?ver=1e086c2d21f2850672d5 HTTP/1.1 to file, referer: http://localhost/wordpress/wp-admin/post.php?post=51&action=edit
[Tue Jan 27 23:22:10.876950 2026] [php:warn] [pid 1496:tid 1912] [client ::1:28287] PHP Warning:  Attempt to read property "ID" on null in C:\\xampp\\htdocs\\wordpress\\wp-content\\themes\\hestia\\inc\\views\\class-hestia-tweaks.php on line 75, referer: http://localhost/wordpress/wp-admin/post.php?post=51&action=edit
[Tue Jan 27 23:22:23.485796 2026] [core:error] [pid 1496:tid 1864] (20024)The given path is misformatted or contained invalid characters: [client ::1:28332] AH00127: Cannot map GET /wordpress/wp-content/plugins/C:/xampp/htdocs/wordpress/wp-content/themes/hestia/vendor/codeinwp/themeisle-sdk/assets/js/build/promos/style-index.css?ver=1e086c2d21f2850672d5 HTTP/1.1 to file, referer: http://localhost/wordpress/wp-admin/post.php?post=51&action=elementor
[Tue Jan 27 23:22:24.411329 2026] [core:error] [pid 1496:tid 1872] (20024)The given path is misformatted or contained invalid characters: [client ::1:28346] AH00127: Cannot map GET /wordpress/wp-content/plugins/C:/xampp/htdocs/wordpress/wp-content/themes/hestia/vendor/codeinwp/themeisle-sdk/assets/js/build/promos/index.js?ver=1e086c2d21f2850672d5 HTTP/1.1 to file, referer: http://localhost/wordpress/wp-admin/post.php?post=51&action=elementor
[Tue Jan 27 23:22:27.566840 2026] [php:warn] [pid 1496:tid 1864] [client ::1:28332] PHP Warning:  Attempt to read property "ID" on null in C:\\xampp\\htdocs\\wordpress\\wp-content\\themes\\hestia\\inc\\views\\class-hestia-tweaks.php on line 75, referer: http://localhost/wordpress/wp-admin/post.php?post=51&action=elementor
[Tue Jan 27 23:22:57.337287 2026] [core:error] [pid 1496:tid 1912] (20024)The given path is misformatted or contained invalid characters: [client ::1:28375] AH00127: Cannot map GET /wordpress/wp-content/plugins/C:/xampp/htdocs/wordpress/wp-content/themes/hestia/vendor/codeinwp/themeisle-sdk/assets/js/build/survey/survey_deps.js?ver=44eb6f2a376d36991f76 HTTP/1.1 to file, referer: http://localhost/wordpress/wp-admin/customize.php?url=http%3A%2F%2Flocalhost%2Fwordpress%2F%3Fpreview_id%3D51%26preview_nonce%3D5ab0a8fed3%26preview%3Dtrue
[Tue Jan 27 23:22:57.397695 2026] [php:warn] [pid 1496:tid 1864] [client ::1:28360] PHP Warning:  Array to string conversion in C:\\xampp\\htdocs\\wordpress\\wp-includes\\formatting.php on line 1128, referer: http://localhost/wordpress/?preview_id=51&preview_nonce=5ab0a8fed3&preview=true
[Tue Jan 27 23:27:25.995845 2026] [php:warn] [pid 1496:tid 1912] [client ::1:28460] PHP Warning:  Array to string conversion in C:\\xampp\\htdocs\\wordpress\\wp-includes\\formatting.php on line 1128, referer: http://localhost/wordpress/?preview_id=51&preview_nonce=5ab0a8fed3&preview=true
[Tue Jan 27 23:27:26.104718 2026] [core:error] [pid 1496:tid 1912] (20024)The given path is misformatted or contained invalid characters: [client ::1:28460] AH00127: Cannot map GET /wordpress/wp-content/plugins/C:/xampp/htdocs/wordpress/wp-content/themes/hestia/vendor/codeinwp/themeisle-sdk/assets/js/build/survey/survey_deps.js?ver=44eb6f2a376d36991f76 HTTP/1.1 to file, referer: http://localhost/wordpress/wp-admin/customize.php?url=http%3A%2F%2Flocalhost%2Fwordpress%2F%3Fpreview_id%3D51%26preview_nonce%3D5ab0a8fed3%26preview%3Dtrue
[Tue Jan 27 23:28:15.072327 2026] [core:error] [pid 1496:tid 1920] (20024)The given path is misformatted or contained invalid characters: [client ::1:28492] AH00127: Cannot map GET /wordpress/wp-content/plugins/C:/xampp/htdocs/wordpress/wp-content/themes/hestia/vendor/codeinwp/themeisle-sdk/assets/js/build/survey/survey_deps.js?ver=44eb6f2a376d36991f76 HTTP/1.1 to file, referer: http://localhost/wordpress/wp-admin/customize.php?url=http%3A%2F%2Flocalhost%2Fwordpress%2F%3Fpreview_id%3D51%26preview_nonce%3D5ab0a8fed3%26preview%3Dtrue&changeset_uuid=f99ea612-e172-44b6-b115-0d00ae7d6da8&return=http%3A%2F%2Flocalhost%2Fwordpress%2F%3Fpreview_id%3D51%26preview_nonce%3D5ab0a8fed3%26preview%3Dtrue
[Tue Jan 27 23:28:15.125731 2026] [php:warn] [pid 1496:tid 1896] [client ::1:28490] PHP Warning:  Array to string conversion in C:\\xampp\\htdocs\\wordpress\\wp-includes\\formatting.php on line 1128, referer: http://localhost/wordpress/wp-admin/customize.php?url=http%3A%2F%2Flocalhost%2Fwordpress%2F%3Fpreview_id%3D51%26preview_nonce%3D5ab0a8fed3%26preview%3Dtrue
[Tue Jan 27 23:30:00.331658 2026] [core:error] [pid 1496:tid 1896] (20024)The given path is misformatted or contained invalid characters: [client ::1:28532] AH00127: Cannot map GET /wordpress/wp-content/plugins/C:/xampp/htdocs/wordpress/wp-content/themes/hestia/vendor/codeinwp/themeisle-sdk/assets/js/build/survey/survey_deps.js?ver=44eb6f2a376d36991f76 HTTP/1.1 to file, referer: http://localhost/wordpress/wp-admin/customize.php?url=http%3A%2F%2Flocalhost%2Fwordpress%2F%3Fpreview_id%3D51%26preview_nonce%3D5ab0a8fed3%26preview%3Dtrue
[Tue Jan 27 23:30:00.436777 2026] [php:warn] [pid 1496:tid 1912] [client ::1:28531] PHP Warning:  Array to string conversion in C:\\xampp\\htdocs\\wordpress\\wp-includes\\formatting.php on line 1128, referer: http://localhost/wordpress/?preview_id=51&preview_nonce=5ab0a8fed3&preview=true
[Tue Jan 27 23:34:14.993518 2026] [core:error] [pid 1496:tid 1896] (20024)The given path is misformatted or contained invalid characters: [client ::1:28661] AH00127: Cannot map GET /wordpress/wp-content/plugins/C:/xampp/htdocs/wordpress/wp-content/themes/hestia/vendor/codeinwp/themeisle-sdk/assets/js/build/promos/style-index.css?ver=1e086c2d21f2850672d5 HTTP/1.1 to file, referer: http://localhost/wordpress/wp-admin/post.php?post=51&action=elementor
[Tue Jan 27 23:34:15.808438 2026] [core:error] [pid 1496:tid 1868] (20024)The given path is misformatted or contained invalid characters: [client ::1:28678] AH00127: Cannot map GET /wordpress/wp-content/plugins/C:/xampp/htdocs/wordpress/wp-content/themes/hestia/vendor/codeinwp/themeisle-sdk/assets/js/build/promos/index.js?ver=1e086c2d21f2850672d5 HTTP/1.1 to file, referer: http://localhost/wordpress/wp-admin/post.php?post=51&action=elementor
[Tue Jan 27 23:34:17.060077 2026] [php:warn] [pid 1496:tid 1868] [client ::1:28678] PHP Warning:  Attempt to read property "ID" on null in C:\\xampp\\htdocs\\wordpress\\wp-content\\themes\\hestia\\inc\\views\\class-hestia-tweaks.php on line 75, referer: http://localhost/wordpress/wp-admin/post.php?post=51&action=elementor
[Tue Jan 27 23:36:24.346867 2026] [core:error] [pid 1496:tid 1864] (20024)The given path is misformatted or contained invalid characters: [client ::1:28718] AH00127: Cannot map GET /wordpress/wp-content/plugins/C:/xampp/htdocs/wordpress/wp-content/themes/hestia/vendor/codeinwp/themeisle-sdk/assets/js/build/promos/style-index.css?ver=1e086c2d21f2850672d5 HTTP/1.1 to file, referer: http://localhost/wordpress/wp-admin/post.php?post=51&action=edit
[Tue Jan 27 23:36:24.717334 2026] [core:error] [pid 1496:tid 1872] (20024)The given path is misformatted or contained invalid characters: [client ::1:28717] AH00127: Cannot map GET /wordpress/wp-content/plugins/C:/xampp/htdocs/wordpress/wp-content/themes/hestia/vendor/codeinwp/themeisle-sdk/assets/js/build/promos/index.js?ver=1e086c2d21f2850672d5 HTTP/1.1 to file, referer: http://localhost/wordpress/wp-admin/post.php?post=51&action=edit
[Tue Jan 27 23:36:26.055125 2026] [php:warn] [pid 1496:tid 1872] [client ::1:28717] PHP Warning:  Attempt to read property "ID" on null in C:\\xampp\\htdocs\\wordpress\\wp-content\\themes\\hestia\\inc\\views\\class-hestia-tweaks.php on line 75, referer: http://localhost/wordpress/wp-admin/post.php?post=51&action=edit
[Tue Jan 27 23:37:08.879367 2026] [core:error] [pid 1496:tid 1920] (20024)The given path is misformatted or contained invalid characters: [client ::1:28754] AH00127: Cannot map GET /wordpress/wp-content/plugins/C:/xampp/htdocs/wordpress/wp-content/themes/hestia/vendor/codeinwp/themeisle-sdk/assets/js/build/promos/style-index.css?ver=1e086c2d21f2850672d5 HTTP/1.1 to file, referer: http://localhost/wordpress/wp-admin/post.php?post=458&action=edit
[Tue Jan 27 23:37:09.017485 2026] [core:error] [pid 1496:tid 1912] (20024)The given path is misformatted or contained invalid characters: [client ::1:28741] AH00127: Cannot map GET /wordpress/wp-content/plugins/C:/xampp/htdocs/wordpress/wp-content/themes/hestia/vendor/codeinwp/themeisle-sdk/assets/js/build/promos/index.js?ver=1e086c2d21f2850672d5 HTTP/1.1 to file, referer: http://localhost/wordpress/wp-admin/post.php?post=458&action=edit
[Tue Jan 27 23:37:10.324748 2026] [php:warn] [pid 1496:tid 1912] [client ::1:28741] PHP Warning:  Attempt to read property "ID" on null in C:\\xampp\\htdocs\\wordpress\\wp-content\\themes\\hestia\\inc\\views\\class-hestia-tweaks.php on line 75, referer: http://localhost/wordpress/wp-admin/post.php?post=458&action=edit
[Tue Jan 27 23:37:16.388190 2026] [core:error] [pid 1496:tid 1872] (20024)The given path is misformatted or contained invalid characters: [client ::1:28756] AH00127: Cannot map GET /wordpress/wp-content/plugins/C:/xampp/htdocs/wordpress/wp-content/themes/hestia/vendor/codeinwp/themeisle-sdk/assets/js/build/promos/style-index.css?ver=1e086c2d21f2850672d5 HTTP/1.1 to file, referer: http://localhost/wordpress/wp-admin/post.php?post=458&action=elementor
[Tue Jan 27 23:37:16.729986 2026] [core:error] [pid 1496:tid 1920] (20024)The given path is misformatted or contained invalid characters: [client ::1:28754] AH00127: Cannot map GET /wordpress/wp-content/plugins/C:/xampp/htdocs/wordpress/wp-content/themes/hestia/vendor/codeinwp/themeisle-sdk/assets/js/build/promos/index.js?ver=1e086c2d21f2850672d5 HTTP/1.1 to file, referer: http://localhost/wordpress/wp-admin/post.php?post=458&action=elementor
[Tue Jan 27 23:37:18.622942 2026] [php:warn] [pid 1496:tid 1912] [client ::1:28788] PHP Warning:  Attempt to read property "ID" on null in C:\\xampp\\htdocs\\wordpress\\wp-content\\themes\\hestia\\inc\\views\\class-hestia-tweaks.php on line 75, referer: http://localhost/wordpress/wp-admin/post.php?post=458&action=elementor
[Tue Jan 27 23:56:28.036097 2026] [core:error] [pid 1496:tid 1920] (20024)The given path is misformatted or contained invalid characters: [client ::1:29419] AH00127: Cannot map GET /wordpress/wp-content/plugins/C:/xampp/htdocs/wordpress/wp-content/themes/hestia/vendor/codeinwp/themeisle-sdk/assets/js/build/promos/style-index.css?ver=1e086c2d21f2850672d5 HTTP/1.1 to file, referer: http://localhost/wordpress/wp-admin/post.php?post=458&action=edit
[Tue Jan 27 23:56:28.645107 2026] [core:error] [pid 1496:tid 1864] (20024)The given path is misformatted or contained invalid characters: [client ::1:29414] AH00127: Cannot map GET /wordpress/wp-content/plugins/C:/xampp/htdocs/wordpress/wp-content/themes/hestia/vendor/codeinwp/themeisle-sdk/assets/js/build/promos/index.js?ver=1e086c2d21f2850672d5 HTTP/1.1 to file, referer: http://localhost/wordpress/wp-admin/post.php?post=458&action=edit
[Tue Jan 27 23:56:30.054943 2026] [php:warn] [pid 1496:tid 1864] [client ::1:29414] PHP Warning:  Attempt to read property "ID" on null in C:\\xampp\\htdocs\\wordpress\\wp-content\\themes\\hestia\\inc\\views\\class-hestia-tweaks.php on line 75, referer: http://localhost/wordpress/wp-admin/post.php?post=458&action=edit
[Tue Jan 27 23:56:41.628001 2026] [php:warn] [pid 1496:tid 1920] [client ::1:29450] PHP Warning:  Attempt to read property "ID" on null in C:\\xampp\\htdocs\\wordpress\\wp-content\\themes\\hestia\\inc\\views\\class-hestia-tweaks.php on line 75, referer: http://localhost/wordpress/wp-admin/about.php
[Tue Jan 27 23:56:42.653258 2026] [core:error] [pid 1496:tid 1872] (20024)The given path is misformatted or contained invalid characters: [client ::1:29451] AH00127: Cannot map GET /wordpress/wp-content/plugins/C:/xampp/htdocs/wordpress/wp-content/themes/hestia/vendor/codeinwp/themeisle-sdk/assets/js/build/promos/style-index.css?ver=1e086c2d21f2850672d5 HTTP/1.1 to file, referer: http://localhost/wordpress/wp-admin/post-new.php
[Tue Jan 27 23:56:43.021836 2026] [core:error] [pid 1496:tid 1872] (20024)The given path is misformatted or contained invalid characters: [client ::1:29451] AH00127: Cannot map GET /wordpress/wp-content/plugins/C:/xampp/htdocs/wordpress/wp-content/themes/hestia/vendor/codeinwp/themeisle-sdk/assets/js/build/promos/index.js?ver=1e086c2d21f2850672d5 HTTP/1.1 to file, referer: http://localhost/wordpress/wp-admin/post-new.php
[Tue Jan 27 23:56:44.153361 2026] [php:warn] [pid 1496:tid 1920] [client ::1:29450] PHP Warning:  Attempt to read property "ID" on null in C:\\xampp\\htdocs\\wordpress\\wp-content\\themes\\hestia\\inc\\views\\class-hestia-tweaks.php on line 75, referer: http://localhost/wordpress/wp-admin/post-new.php
[Tue Jan 27 23:57:44.112468 2026] [php:warn] [pid 1496:tid 1872] [client ::1:29489] PHP Warning:  Attempt to read property "ID" on null in C:\\xampp\\htdocs\\wordpress\\wp-content\\themes\\hestia\\inc\\views\\class-hestia-tweaks.php on line 75, referer: http://localhost/wordpress/wp-admin/post-new.php
[Wed Jan 28 00:00:45.451496 2026] [php:warn] [pid 1496:tid 1920] [client ::1:29538] PHP Warning:  Attempt to read property "ID" on null in C:\\xampp\\htdocs\\wordpress\\wp-content\\themes\\hestia\\inc\\views\\class-hestia-tweaks.php on line 75, referer: http://localhost/wordpress/wp-admin/post.php?post=484&action=edit
[Wed Jan 28 00:01:44.274790 2026] [php:warn] [pid 1496:tid 1920] [client ::1:29568] PHP Warning:  Attempt to read property "ID" on null in C:\\xampp\\htdocs\\wordpress\\wp-content\\themes\\hestia\\inc\\views\\class-hestia-tweaks.php on line 75, referer: http://localhost/wordpress/wp-admin/post.php?post=484&action=edit
[Wed Jan 28 00:02:44.248798 2026] [php:warn] [pid 1496:tid 1920] [client ::1:29658] PHP Warning:  Attempt to read property "ID" on null in C:\\xampp\\htdocs\\wordpress\\wp-content\\themes\\hestia\\inc\\views\\class-hestia-tweaks.php on line 75, referer: http://localhost/wordpress/wp-admin/post.php?post=484&action=edit
[Wed Jan 28 00:03:44.298366 2026] [php:warn] [pid 1496:tid 1872] [client ::1:29703] PHP Warning:  Attempt to read property "ID" on null in C:\\xampp\\htdocs\\wordpress\\wp-content\\themes\\hestia\\inc\\views\\class-hestia-tweaks.php on line 75, referer: http://localhost/wordpress/wp-admin/post.php?post=484&action=edit
[Wed Jan 28 19:06:29.036835 2026] [ssl:warn] [pid 5060:tid 472] AH01909: www.example.com:443:0 server certificate does NOT include an ID which matches the server name
[Wed Jan 28 19:06:29.112059 2026] [core:warn] [pid 5060:tid 472] AH00098: pid file C:/xampp/apache/logs/httpd.pid overwritten -- Unclean shutdown of previous Apache run?
[Wed Jan 28 19:06:29.115816 2026] [ssl:warn] [pid 5060:tid 472] AH01909: www.example.com:443:0 server certificate does NOT include an ID which matches the server name
[Wed Jan 28 19:06:29.787875 2026] [mpm_winnt:notice] [pid 5060:tid 472] AH00455: Apache/2.4.58 (Win64) OpenSSL/3.1.3 PHP/8.2.12 configured -- resuming normal operations
[Wed Jan 28 19:06:29.787875 2026] [mpm_winnt:notice] [pid 5060:tid 472] AH00456: Apache Lounge VS17 Server built: Oct 18 2023 13:03:18
[Wed Jan 28 19:06:29.787875 2026] [core:notice] [pid 5060:tid 472] AH00094: Command line: 'c:\\xampp\\apache\\bin\\httpd.exe -d C:/xampp/apache'
[Wed Jan 28 19:06:29.794547 2026] [mpm_winnt:notice] [pid 5060:tid 472] AH00418: Parent: Created child process 9948
[Wed Jan 28 19:06:30.223332 2026] [ssl:warn] [pid 9948:tid 428] AH01909: www.example.com:443:0 server certificate does NOT include an ID which matches the server name
[Wed Jan 28 19:06:30.289363 2026] [ssl:warn] [pid 9948:tid 428] AH01909: www.example.com:443:0 server certificate does NOT include an ID which matches the server name
[Wed Jan 28 19:06:30.346691 2026] [mpm_winnt:notice] [pid 9948:tid 428] AH00354: Child: Starting 150 worker threads.
[Wed Jan 28 19:09:35.370434 2026] [core:error] [pid 9948:tid 1860] (20024)The given path is misformatted or contained invalid characters: [client ::1:50057] AH00127: Cannot map GET /wordpress/wp-content/plugins/C:/xampp/htdocs/wordpress/wp-content/themes/hestia/vendor/codeinwp/themeisle-sdk/assets/js/build/promos/style-index.css?ver=1e086c2d21f2850672d5 HTTP/1.1 to file, referer: http://localhost/wordpress/wp-admin/post.php?post=458&action=elementor
[Wed Jan 28 19:09:40.149806 2026] [core:error] [pid 9948:tid 1856] (20024)The given path is misformatted or contained invalid characters: [client ::1:50065] AH00127: Cannot map GET /wordpress/wp-content/plugins/C:/xampp/htdocs/wordpress/wp-content/themes/hestia/vendor/codeinwp/themeisle-sdk/assets/js/build/promos/index.js?ver=1e086c2d21f2850672d5 HTTP/1.1 to file, referer: http://localhost/wordpress/wp-admin/post.php?post=458&action=elementor
[Wed Jan 28 19:09:42.761236 2026] [php:warn] [pid 9948:tid 1856] [client ::1:50065] PHP Warning:  Attempt to read property "ID" on null in C:\\xampp\\htdocs\\wordpress\\wp-content\\themes\\hestia\\inc\\views\\class-hestia-tweaks.php on line 75, referer: http://localhost/wordpress/wp-admin/post.php?post=458&action=elementor
[Wed Jan 28 19:17:36.024062 2026] [core:error] [pid 9948:tid 1860] (20024)The given path is misformatted or contained invalid characters: [client ::1:50226] AH00127: Cannot map GET /wordpress/wp-content/plugins/C:/xampp/htdocs/wordpress/wp-content/themes/hestia/vendor/codeinwp/themeisle-sdk/assets/js/build/promos/style-index.css?ver=1e086c2d21f2850672d5 HTTP/1.1 to file, referer: http://localhost/wordpress/wp-admin/post.php?post=458&action=edit
[Wed Jan 28 19:17:37.148001 2026] [core:error] [pid 9948:tid 1852] (20024)The given path is misformatted or contained invalid characters: [client ::1:50230] AH00127: Cannot map GET /wordpress/wp-content/plugins/C:/xampp/htdocs/wordpress/wp-content/themes/hestia/vendor/codeinwp/themeisle-sdk/assets/js/build/promos/index.js?ver=1e086c2d21f2850672d5 HTTP/1.1 to file, referer: http://localhost/wordpress/wp-admin/post.php?post=458&action=edit
[Wed Jan 28 19:17:39.436296 2026] [php:warn] [pid 9948:tid 1888] [client ::1:50218] PHP Warning:  Attempt to read property "ID" on null in C:\\xampp\\htdocs\\wordpress\\wp-content\\themes\\hestia\\inc\\views\\class-hestia-tweaks.php on line 75, referer: http://localhost/wordpress/wp-admin/post.php?post=458&action=edit
[Wed Jan 28 19:18:57.532825 2026] [php:warn] [pid 9948:tid 1860] [client ::1:50302] PHP Warning:  Attempt to read property "ID" on null in C:\\xampp\\htdocs\\wordpress\\wp-content\\themes\\hestia\\inc\\views\\class-hestia-tweaks.php on line 75, referer: http://localhost/wordpress/wp-admin/edit.php?post_type=page
[Wed Jan 28 19:18:58.295492 2026] [php:warn] [pid 9948:tid 1864] [client ::1:50304] PHP Warning:  Attempt to read property "ID" on null in C:\\xampp\\htdocs\\wordpress\\wp-content\\themes\\hestia\\inc\\views\\class-hestia-tweaks.php on line 75, referer: http://localhost/wordpress/wp-admin/edit.php?post_type=page
[Wed Jan 28 19:19:00.483760 2026] [core:error] [pid 9948:tid 1856] (20024)The given path is misformatted or contained invalid characters: [client ::1:50300] AH00127: Cannot map GET /wordpress/wp-content/plugins/C:/xampp/htdocs/wordpress/wp-content/themes/hestia/vendor/codeinwp/themeisle-sdk/assets/js/build/promos/style-index.css?ver=1e086c2d21f2850672d5 HTTP/1.1 to file, referer: http://localhost/wordpress/wp-admin/post-new.php
[Wed Jan 28 19:19:00.685526 2026] [core:error] [pid 9948:tid 1864] (20024)The given path is misformatted or contained invalid characters: [client ::1:50304] AH00127: Cannot map GET /wordpress/wp-content/plugins/C:/xampp/htdocs/wordpress/wp-content/themes/hestia/vendor/codeinwp/themeisle-sdk/assets/js/build/promos/index.js?ver=1e086c2d21f2850672d5 HTTP/1.1 to file, referer: http://localhost/wordpress/wp-admin/post-new.php
[Wed Jan 28 19:19:02.478482 2026] [php:warn] [pid 9948:tid 1864] [client ::1:50304] PHP Warning:  Attempt to read property "ID" on null in C:\\xampp\\htdocs\\wordpress\\wp-content\\themes\\hestia\\inc\\views\\class-hestia-tweaks.php on line 75, referer: http://localhost/wordpress/wp-admin/post-new.php
[Wed Jan 28 19:20:03.480896 2026] [php:warn] [pid 9948:tid 1852] [client ::1:50343] PHP Warning:  Attempt to read property "ID" on null in C:\\xampp\\htdocs\\wordpress\\wp-content\\themes\\hestia\\inc\\views\\class-hestia-tweaks.php on line 75, referer: http://localhost/wordpress/wp-admin/post-new.php
[Wed Jan 28 19:33:05.389052 2026] [php:warn] [pid 9948:tid 1856] [client ::1:50524] PHP Warning:  Attempt to read property "ID" on null in C:\\xampp\\htdocs\\wordpress\\wp-content\\themes\\hestia\\inc\\views\\class-hestia-tweaks.php on line 75, referer: http://localhost/wordpress/wp-admin/post.php?post=488&action=edit
[Wed Jan 28 19:33:39.400161 2026] [php:warn] [pid 9948:tid 1852] [client ::1:50534] PHP Warning:  Attempt to read property "ID" on null in C:\\xampp\\htdocs\\wordpress\\wp-content\\themes\\hestia\\inc\\views\\class-hestia-tweaks.php on line 75, referer: http://localhost/wordpress/wp-admin/post.php?post=488&action=edit
[Wed Jan 28 19:39:30.805680 2026] [php:warn] [pid 9948:tid 1852] [client ::1:50601] PHP Warning:  Attempt to read property "ID" on null in C:\\xampp\\htdocs\\wordpress\\wp-content\\themes\\hestia\\inc\\views\\class-hestia-tweaks.php on line 75, referer: http://localhost/wordpress/wp-admin/edit.php
[Wed Jan 28 19:39:30.885680 2026] [php:warn] [pid 9948:tid 1852] [client ::1:50601] PHP Warning:  Attempt to read property "ID" on null in C:\\xampp\\htdocs\\wordpress\\wp-content\\themes\\hestia\\inc\\views\\class-hestia-tweaks.php on line 75, referer: http://localhost/wordpress/wp-admin/edit.php
[Wed Jan 28 19:39:30.933697 2026] [php:warn] [pid 9948:tid 1852] [client ::1:50601] PHP Warning:  Attempt to read property "ID" on null in C:\\xampp\\htdocs\\wordpress\\wp-content\\themes\\hestia\\inc\\views\\class-hestia-tweaks.php on line 75, referer: http://localhost/wordpress/wp-admin/edit.php
[Wed Jan 28 19:39:37.352605 2026] [core:error] [pid 9948:tid 1888] (20024)The given path is misformatted or contained invalid characters: [client ::1:50612] AH00127: Cannot map GET /wordpress/wp-content/plugins/C:/xampp/htdocs/wordpress/wp-content/themes/hestia/vendor/codeinwp/themeisle-sdk/assets/js/build/promos/style-index.css?ver=1e086c2d21f2850672d5 HTTP/1.1 to file, referer: http://localhost/wordpress/wp-admin/post.php?post=488&action=edit
[Wed Jan 28 19:39:37.522617 2026] [core:error] [pid 9948:tid 1852] (20024)The given path is misformatted or contained invalid characters: [client ::1:50601] AH00127: Cannot map GET /wordpress/wp-content/plugins/C:/xampp/htdocs/wordpress/wp-content/themes/hestia/vendor/codeinwp/themeisle-sdk/assets/js/build/promos/index.js?ver=1e086c2d21f2850672d5 HTTP/1.1 to file, referer: http://localhost/wordpress/wp-admin/post.php?post=488&action=edit
[Wed Jan 28 19:39:39.162197 2026] [php:warn] [pid 9948:tid 1852] [client ::1:50601] PHP Warning:  Attempt to read property "ID" on null in C:\\xampp\\htdocs\\wordpress\\wp-content\\themes\\hestia\\inc\\views\\class-hestia-tweaks.php on line 75, referer: http://localhost/wordpress/wp-admin/post.php?post=488&action=edit
[Wed Jan 28 19:43:27.784428 2026] [core:error] [pid 9948:tid 1864] (20024)The given path is misformatted or contained invalid characters: [client ::1:50702] AH00127: Cannot map GET /wordpress/wp-content/plugins/C:/xampp/htdocs/wordpress/wp-content/themes/hestia/vendor/codeinwp/themeisle-sdk/assets/js/build/survey/survey_deps.js?ver=44eb6f2a376d36991f76 HTTP/1.1 to file, referer: http://localhost/wordpress/wp-admin/customize.php?url=http%3A%2F%2Flocalhost%2Fwordpress%2F
[Wed Jan 28 19:43:27.793806 2026] [php:warn] [pid 9948:tid 1916] [client ::1:50701] PHP Warning:  Array to string conversion in C:\\xampp\\htdocs\\wordpress\\wp-includes\\formatting.php on line 1128, referer: http://localhost/wordpress/
[Wed Jan 28 19:43:59.830788 2026] [php:warn] [pid 9948:tid 1864] [client ::1:50736] PHP Warning:  Array to string conversion in C:\\xampp\\htdocs\\wordpress\\wp-includes\\formatting.php on line 1128, referer: http://localhost/wordpress/
[Wed Jan 28 19:47:08.729176 2026] [core:error] [pid 9948:tid 1864] (20024)The given path is misformatted or contained invalid characters: [client ::1:50860] AH00127: Cannot map GET /wordpress/wp-content/plugins/C:/xampp/htdocs/wordpress/wp-content/themes/hestia/vendor/codeinwp/themeisle-sdk/assets/js/build/promos/style-index.css?ver=1e086c2d21f2850672d5 HTTP/1.1 to file, referer: http://localhost/wordpress/wp-admin/post.php?post=458&action=elementor
[Wed Jan 28 19:47:09.187741 2026] [core:error] [pid 9948:tid 1916] (20024)The given path is misformatted or contained invalid characters: [client ::1:50858] AH00127: Cannot map GET /wordpress/wp-content/plugins/C:/xampp/htdocs/wordpress/wp-content/themes/hestia/vendor/codeinwp/themeisle-sdk/assets/js/build/promos/index.js?ver=1e086c2d21f2850672d5 HTTP/1.1 to file, referer: http://localhost/wordpress/wp-admin/post.php?post=458&action=elementor
[Wed Jan 28 19:47:11.515599 2026] [php:warn] [pid 9948:tid 1856] [client ::1:50876] PHP Warning:  Attempt to read property "ID" on null in C:\\xampp\\htdocs\\wordpress\\wp-content\\themes\\hestia\\inc\\views\\class-hestia-tweaks.php on line 75, referer: http://localhost/wordpress/wp-admin/post.php?post=458&action=elementor
[Wed Jan 28 20:09:21.614947 2026] [core:error] [pid 9948:tid 1888] (20024)The given path is misformatted or contained invalid characters: [client ::1:51075] AH00127: Cannot map GET /wordpress/wp-content/plugins/C:/xampp/htdocs/wordpress/wp-content/themes/hestia/vendor/codeinwp/themeisle-sdk/assets/js/build/promos/style-index.css?ver=1e086c2d21f2850672d5 HTTP/1.1 to file, referer: http://localhost/wordpress/wp-admin/post.php?post=458&action=edit
[Wed Jan 28 20:09:22.290533 2026] [core:error] [pid 9948:tid 1860] (20024)The given path is misformatted or contained invalid characters: [client ::1:51065] AH00127: Cannot map GET /wordpress/wp-content/plugins/C:/xampp/htdocs/wordpress/wp-content/themes/hestia/vendor/codeinwp/themeisle-sdk/assets/js/build/promos/index.js?ver=1e086c2d21f2850672d5 HTTP/1.1 to file, referer: http://localhost/wordpress/wp-admin/post.php?post=458&action=edit
[Wed Jan 28 20:09:23.803957 2026] [php:warn] [pid 9948:tid 1860] [client ::1:51065] PHP Warning:  Attempt to read property "ID" on null in C:\\xampp\\htdocs\\wordpress\\wp-content\\themes\\hestia\\inc\\views\\class-hestia-tweaks.php on line 75, referer: http://localhost/wordpress/wp-admin/post.php?post=458&action=edit
[Wed Jan 28 20:13:27.064072 2026] [php:warn] [pid 9948:tid 1860] [client ::1:51188] PHP Warning:  Attempt to read property "ID" on null in C:\\xampp\\htdocs\\wordpress\\wp-content\\themes\\hestia\\inc\\views\\class-hestia-tweaks.php on line 75, referer: http://localhost/wordpress/wp-admin/edit.php
[Wed Jan 28 20:13:28.746192 2026] [core:error] [pid 9948:tid 1888] (20024)The given path is misformatted or contained invalid characters: [client ::1:51190] AH00127: Cannot map GET /wordpress/wp-content/plugins/C:/xampp/htdocs/wordpress/wp-content/themes/hestia/vendor/codeinwp/themeisle-sdk/assets/js/build/promos/style-index.css?ver=1e086c2d21f2850672d5 HTTP/1.1 to file, referer: http://localhost/wordpress/wp-admin/post-new.php
[Wed Jan 28 20:13:29.011758 2026] [core:error] [pid 9948:tid 1860] (20024)The given path is misformatted or contained invalid characters: [client ::1:51188] AH00127: Cannot map GET /wordpress/wp-content/plugins/C:/xampp/htdocs/wordpress/wp-content/themes/hestia/vendor/codeinwp/themeisle-sdk/assets/js/build/promos/index.js?ver=1e086c2d21f2850672d5 HTTP/1.1 to file, referer: http://localhost/wordpress/wp-admin/post-new.php
[Wed Jan 28 20:13:31.272663 2026] [php:warn] [pid 9948:tid 1860] [client ::1:51188] PHP Warning:  Attempt to read property "ID" on null in C:\\xampp\\htdocs\\wordpress\\wp-content\\themes\\hestia\\inc\\views\\class-hestia-tweaks.php on line 75, referer: http://localhost/wordpress/wp-admin/post-new.php
[Wed Jan 28 20:14:33.028881 2026] [php:warn] [pid 9948:tid 1888] [client ::1:51237] PHP Warning:  Attempt to read property "ID" on null in C:\\xampp\\htdocs\\wordpress\\wp-content\\themes\\hestia\\inc\\views\\class-hestia-tweaks.php on line 75, referer: http://localhost/wordpress/wp-admin/post-new.php
[Wed Jan 28 20:16:17.901856 2026] [php:warn] [pid 9948:tid 1916] [client ::1:51329] PHP Warning:  Attempt to read property "ID" on null in C:\\xampp\\htdocs\\wordpress\\wp-content\\themes\\hestia\\inc\\views\\class-hestia-tweaks.php on line 75, referer: http://localhost/wordpress/wp-admin/post.php?post=495&action=edit
[Wed Jan 28 20:16:49.305905 2026] [php:warn] [pid 9948:tid 1888] [client ::1:51355] PHP Warning:  Attempt to read property "ID" on null in C:\\xampp\\htdocs\\wordpress\\wp-content\\themes\\hestia\\inc\\views\\class-hestia-tweaks.php on line 75, referer: http://localhost/wordpress/wp-admin/post.php?post=495&action=edit
[Wed Jan 28 20:16:51.523421 2026] [core:error] [pid 9948:tid 1852] (20024)The given path is misformatted or contained invalid characters: [client ::1:51362] AH00127: Cannot map GET /wordpress/wp-content/plugins/C:/xampp/htdocs/wordpress/wp-content/themes/hestia/vendor/codeinwp/themeisle-sdk/assets/js/build/promos/style-index.css?ver=1e086c2d21f2850672d5 HTTP/1.1 to file, referer: http://localhost/wordpress/wp-admin/post-new.php
[Wed Jan 28 20:16:52.006596 2026] [core:error] [pid 9948:tid 1852] (20024)The given path is misformatted or contained invalid characters: [client ::1:51362] AH00127: Cannot map GET /wordpress/wp-content/plugins/C:/xampp/htdocs/wordpress/wp-content/themes/hestia/vendor/codeinwp/themeisle-sdk/assets/js/build/promos/index.js?ver=1e086c2d21f2850672d5 HTTP/1.1 to file, referer: http://localhost/wordpress/wp-admin/post-new.php
[Wed Jan 28 20:16:53.445195 2026] [php:warn] [pid 9948:tid 1888] [client ::1:51355] PHP Warning:  Attempt to read property "ID" on null in C:\\xampp\\htdocs\\wordpress\\wp-content\\themes\\hestia\\inc\\views\\class-hestia-tweaks.php on line 75, referer: http://localhost/wordpress/wp-admin/post-new.php
[Wed Jan 28 20:17:54.327239 2026] [php:warn] [pid 9948:tid 1888] [client ::1:51403] PHP Warning:  Attempt to read property "ID" on null in C:\\xampp\\htdocs\\wordpress\\wp-content\\themes\\hestia\\inc\\views\\class-hestia-tweaks.php on line 75, referer: http://localhost/wordpress/wp-admin/post-new.php
[Wed Jan 28 20:18:28.171787 2026] [php:warn] [pid 9948:tid 1864] [client ::1:51421] PHP Warning:  Attempt to read property "ID" on null in C:\\xampp\\htdocs\\wordpress\\wp-content\\themes\\hestia\\inc\\views\\class-hestia-tweaks.php on line 75, referer: http://localhost/wordpress/wp-admin/post.php?post=498&action=edit
[Wed Jan 28 20:19:09.288280 2026] [core:error] [pid 9948:tid 1848] (20024)The given path is misformatted or contained invalid characters: [client ::1:51466] AH00127: Cannot map GET /wordpress/wp-content/plugins/C:/xampp/htdocs/wordpress/wp-content/themes/hestia/vendor/codeinwp/themeisle-sdk/assets/js/build/promos/style-index.css?ver=1e086c2d21f2850672d5 HTTP/1.1 to file, referer: http://localhost/wordpress/wp-admin/post.php?post=458&action=edit
[Wed Jan 28 20:19:09.452210 2026] [core:error] [pid 9948:tid 1916] (20024)The given path is misformatted or contained invalid characters: [client ::1:51465] AH00127: Cannot map GET /wordpress/wp-content/plugins/C:/xampp/htdocs/wordpress/wp-content/themes/hestia/vendor/codeinwp/themeisle-sdk/assets/js/build/promos/index.js?ver=1e086c2d21f2850672d5 HTTP/1.1 to file, referer: http://localhost/wordpress/wp-admin/post.php?post=458&action=edit
[Wed Jan 28 20:19:10.995671 2026] [php:warn] [pid 9948:tid 1916] [client ::1:51465] PHP Warning:  Attempt to read property "ID" on null in C:\\xampp\\htdocs\\wordpress\\wp-content\\themes\\hestia\\inc\\views\\class-hestia-tweaks.php on line 75, referer: http://localhost/wordpress/wp-admin/post.php?post=458&action=edit
[Wed Jan 28 20:19:22.055920 2026] [core:error] [pid 9948:tid 1852] (20024)The given path is misformatted or contained invalid characters: [client ::1:51519] AH00127: Cannot map GET /wordpress/wp-content/plugins/C:/xampp/htdocs/wordpress/wp-content/themes/hestia/vendor/codeinwp/themeisle-sdk/assets/js/build/promos/style-index.css?ver=1e086c2d21f2850672d5 HTTP/1.1 to file, referer: http://localhost/wordpress/wp-admin/post.php?post=458&action=elementor
[Wed Jan 28 20:19:22.480890 2026] [core:error] [pid 9948:tid 1848] (20024)The given path is misformatted or contained invalid characters: [client ::1:51466] AH00127: Cannot map GET /wordpress/wp-content/plugins/C:/xampp/htdocs/wordpress/wp-content/themes/hestia/vendor/codeinwp/themeisle-sdk/assets/js/build/promos/index.js?ver=1e086c2d21f2850672d5 HTTP/1.1 to file, referer: http://localhost/wordpress/wp-admin/post.php?post=458&action=elementor
[Wed Jan 28 20:19:24.810660 2026] [php:warn] [pid 9948:tid 1844] [client ::1:51528] PHP Warning:  Attempt to read property "ID" on null in C:\\xampp\\htdocs\\wordpress\\wp-content\\themes\\hestia\\inc\\views\\class-hestia-tweaks.php on line 75, referer: http://localhost/wordpress/wp-admin/post.php?post=458&action=elementor
[Wed Jan 28 20:20:17.844812 2026] [core:error] [pid 9948:tid 1844] (20024)The given path is misformatted or contained invalid characters: [client ::1:51563] AH00127: Cannot map GET /wordpress/wp-content/plugins/C:/xampp/htdocs/wordpress/wp-content/themes/hestia/vendor/codeinwp/themeisle-sdk/assets/js/build/promos/style-index.css?ver=1e086c2d21f2850672d5 HTTP/1.1 to file, referer: http://localhost/wordpress/wp-admin/post.php?post=458&action=edit
[Wed Jan 28 20:20:18.089839 2026] [core:error] [pid 9948:tid 1864] (20024)The given path is misformatted or contained invalid characters: [client ::1:51552] AH00127: Cannot map GET /wordpress/wp-content/plugins/C:/xampp/htdocs/wordpress/wp-content/themes/hestia/vendor/codeinwp/themeisle-sdk/assets/js/build/promos/index.js?ver=1e086c2d21f2850672d5 HTTP/1.1 to file, referer: http://localhost/wordpress/wp-admin/post.php?post=458&action=edit
[Wed Jan 28 20:20:19.670654 2026] [php:warn] [pid 9948:tid 1864] [client ::1:51552] PHP Warning:  Attempt to read property "ID" on null in C:\\xampp\\htdocs\\wordpress\\wp-content\\themes\\hestia\\inc\\views\\class-hestia-tweaks.php on line 75, referer: http://localhost/wordpress/wp-admin/post.php?post=458&action=edit
[Wed Jan 28 20:24:29.548852 2026] [php:warn] [pid 9948:tid 1888] [client ::1:51724] PHP Warning:  Attempt to read property "ID" on null in C:\\xampp\\htdocs\\wordpress\\wp-content\\themes\\hestia\\inc\\views\\class-hestia-tweaks.php on line 75, referer: http://localhost/wordpress/wp-admin/edit.php
[Wed Jan 28 20:24:31.402678 2026] [core:error] [pid 9948:tid 1844] (20024)The given path is misformatted or contained invalid characters: [client ::1:51737] AH00127: Cannot map GET /wordpress/wp-content/plugins/C:/xampp/htdocs/wordpress/wp-content/themes/hestia/vendor/codeinwp/themeisle-sdk/assets/js/build/promos/style-index.css?ver=1e086c2d21f2850672d5 HTTP/1.1 to file, referer: http://localhost/wordpress/wp-admin/post-new.php
[Wed Jan 28 20:24:31.580362 2026] [core:error] [pid 9948:tid 1888] (20024)The given path is misformatted or contained invalid characters: [client ::1:51724] AH00127: Cannot map GET /wordpress/wp-content/plugins/C:/xampp/htdocs/wordpress/wp-content/themes/hestia/vendor/codeinwp/themeisle-sdk/assets/js/build/promos/index.js?ver=1e086c2d21f2850672d5 HTTP/1.1 to file, referer: http://localhost/wordpress/wp-admin/post-new.php
[Wed Jan 28 20:24:33.314646 2026] [php:warn] [pid 9948:tid 1888] [client ::1:51724] PHP Warning:  Attempt to read property "ID" on null in C:\\xampp\\htdocs\\wordpress\\wp-content\\themes\\hestia\\inc\\views\\class-hestia-tweaks.php on line 75, referer: http://localhost/wordpress/wp-admin/post-new.php
[Wed Jan 28 20:25:34.115053 2026] [php:warn] [pid 9948:tid 1916] [client ::1:51795] PHP Warning:  Attempt to read property "ID" on null in C:\\xampp\\htdocs\\wordpress\\wp-content\\themes\\hestia\\inc\\views\\class-hestia-tweaks.php on line 75, referer: http://localhost/wordpress/wp-admin/post-new.php
[Wed Jan 28 20:25:43.394874 2026] [php:warn] [pid 9948:tid 1856] [client ::1:51799] PHP Warning:  Attempt to read property "ID" on null in C:\\xampp\\htdocs\\wordpress\\wp-content\\themes\\hestia\\inc\\views\\class-hestia-tweaks.php on line 75, referer: http://localhost/wordpress/wp-admin/post.php?post=506&action=edit
[Wed Jan 28 20:26:11.552697 2026] [php:warn] [pid 9948:tid 1844] [client ::1:51820] PHP Warning:  Attempt to read property "ID" on null in C:\\xampp\\htdocs\\wordpress\\wp-content\\themes\\hestia\\inc\\views\\class-hestia-tweaks.php on line 75, referer: http://localhost/wordpress/wp-admin/post.php?post=506&action=edit
[Wed Jan 28 20:26:13.652386 2026] [core:error] [pid 9948:tid 1916] (20024)The given path is misformatted or contained invalid characters: [client ::1:51827] AH00127: Cannot map GET /wordpress/wp-content/plugins/C:/xampp/htdocs/wordpress/wp-content/themes/hestia/vendor/codeinwp/themeisle-sdk/assets/js/build/promos/style-index.css?ver=1e086c2d21f2850672d5 HTTP/1.1 to file, referer: http://localhost/wordpress/wp-admin/post-new.php
[Wed Jan 28 20:26:14.106006 2026] [core:error] [pid 9948:tid 1916] (20024)The given path is misformatted or contained invalid characters: [client ::1:51827] AH00127: Cannot map GET /wordpress/wp-content/plugins/C:/xampp/htdocs/wordpress/wp-content/themes/hestia/vendor/codeinwp/themeisle-sdk/assets/js/build/promos/index.js?ver=1e086c2d21f2850672d5 HTTP/1.1 to file, referer: http://localhost/wordpress/wp-admin/post-new.php
[Wed Jan 28 20:26:15.413110 2026] [php:warn] [pid 9948:tid 1844] [client ::1:51820] PHP Warning:  Attempt to read property "ID" on null in C:\\xampp\\htdocs\\wordpress\\wp-content\\themes\\hestia\\inc\\views\\class-hestia-tweaks.php on line 75, referer: http://localhost/wordpress/wp-admin/post-new.php
[Wed Jan 28 20:27:16.152394 2026] [php:warn] [pid 9948:tid 1860] [client ::1:51865] PHP Warning:  Attempt to read property "ID" on null in C:\\xampp\\htdocs\\wordpress\\wp-content\\themes\\hestia\\inc\\views\\class-hestia-tweaks.php on line 75, referer: http://localhost/wordpress/wp-admin/post-new.php
[Wed Jan 28 20:27:44.106817 2026] [php:warn] [pid 9948:tid 1888] [client ::1:51881] PHP Warning:  Attempt to read property "ID" on null in C:\\xampp\\htdocs\\wordpress\\wp-content\\themes\\hestia\\inc\\views\\class-hestia-tweaks.php on line 75, referer: http://localhost/wordpress/wp-admin/post.php?post=509&action=edit
[Wed Jan 28 20:28:31.723468 2026] [php:warn] [pid 9948:tid 1844] [client ::1:51913] PHP Warning:  Attempt to read property "ID" on null in C:\\xampp\\htdocs\\wordpress\\wp-content\\themes\\hestia\\inc\\views\\class-hestia-tweaks.php on line 75, referer: http://localhost/wordpress/wp-admin/post.php?post=509&action=edit
[Wed Jan 28 20:28:33.794275 2026] [core:error] [pid 9948:tid 1888] (20024)The given path is misformatted or contained invalid characters: [client ::1:51911] AH00127: Cannot map GET /wordpress/wp-content/plugins/C:/xampp/htdocs/wordpress/wp-content/themes/hestia/vendor/codeinwp/themeisle-sdk/assets/js/build/promos/style-index.css?ver=1e086c2d21f2850672d5 HTTP/1.1 to file, referer: http://localhost/wordpress/wp-admin/post-new.php
[Wed Jan 28 20:28:34.316048 2026] [core:error] [pid 9948:tid 1888] (20024)The given path is misformatted or contained invalid characters: [client ::1:51911] AH00127: Cannot map GET /wordpress/wp-content/plugins/C:/xampp/htdocs/wordpress/wp-content/themes/hestia/vendor/codeinwp/themeisle-sdk/assets/js/build/promos/index.js?ver=1e086c2d21f2850672d5 HTTP/1.1 to file, referer: http://localhost/wordpress/wp-admin/post-new.php
[Wed Jan 28 20:28:35.751721 2026] [php:warn] [pid 9948:tid 1844] [client ::1:51913] PHP Warning:  Attempt to read property "ID" on null in C:\\xampp\\htdocs\\wordpress\\wp-content\\themes\\hestia\\inc\\views\\class-hestia-tweaks.php on line 75, referer: http://localhost/wordpress/wp-admin/post-new.php
[Wed Jan 28 20:29:06.637630 2026] [php:warn] [pid 9948:tid 1844] [client ::1:51958] PHP Warning:  Attempt to read property "ID" on null in C:\\xampp\\htdocs\\wordpress\\wp-content\\themes\\hestia\\inc\\views\\class-hestia-tweaks.php on line 75, referer: http://localhost/wordpress/wp-admin/post-new.php
[Wed Jan 28 20:29:32.576986 2026] [php:warn] [pid 9948:tid 1856] [client ::1:51980] PHP Warning:  Attempt to read property "ID" on null in C:\\xampp\\htdocs\\wordpress\\wp-content\\themes\\hestia\\inc\\views\\class-hestia-tweaks.php on line 75, referer: http://localhost/wordpress/wp-admin/post.php?post=512&action=edit
[Wed Jan 28 20:29:34.729766 2026] [core:error] [pid 9948:tid 1844] (20024)The given path is misformatted or contained invalid characters: [client ::1:51978] AH00127: Cannot map GET /wordpress/wp-content/plugins/C:/xampp/htdocs/wordpress/wp-content/themes/hestia/vendor/codeinwp/themeisle-sdk/assets/js/build/promos/style-index.css?ver=1e086c2d21f2850672d5 HTTP/1.1 to file, referer: http://localhost/wordpress/wp-admin/post-new.php
[Wed Jan 28 20:29:35.373474 2026] [core:error] [pid 9948:tid 1844] (20024)The given path is misformatted or contained invalid characters: [client ::1:51978] AH00127: Cannot map GET /wordpress/wp-content/plugins/C:/xampp/htdocs/wordpress/wp-content/themes/hestia/vendor/codeinwp/themeisle-sdk/assets/js/build/promos/index.js?ver=1e086c2d21f2850672d5 HTTP/1.1 to file, referer: http://localhost/wordpress/wp-admin/post-new.php
[Wed Jan 28 20:29:36.944474 2026] [php:warn] [pid 9948:tid 1856] [client ::1:51980] PHP Warning:  Attempt to read property "ID" on null in C:\\xampp\\htdocs\\wordpress\\wp-content\\themes\\hestia\\inc\\views\\class-hestia-tweaks.php on line 75, referer: http://localhost/wordpress/wp-admin/post-new.php
[Wed Jan 28 20:30:38.032019 2026] [php:warn] [pid 9948:tid 1916] [client ::1:52030] PHP Warning:  Attempt to read property "ID" on null in C:\\xampp\\htdocs\\wordpress\\wp-content\\themes\\hestia\\inc\\views\\class-hestia-tweaks.php on line 75, referer: http://localhost/wordpress/wp-admin/post-new.php
[Wed Jan 28 20:30:58.229506 2026] [php:warn] [pid 9948:tid 1856] [client ::1:52042] PHP Warning:  Attempt to read property "ID" on null in C:\\xampp\\htdocs\\wordpress\\wp-content\\themes\\hestia\\inc\\views\\class-hestia-tweaks.php on line 75, referer: http://localhost/wordpress/wp-admin/post.php?post=515&action=edit
[Wed Jan 28 20:31:31.331638 2026] [core:error] [pid 9948:tid 1888] (20024)The given path is misformatted or contained invalid characters: [client ::1:52086] AH00127: Cannot map GET /wordpress/wp-content/plugins/C:/xampp/htdocs/wordpress/wp-content/themes/hestia/vendor/codeinwp/themeisle-sdk/assets/js/build/promos/style-index.css?ver=1e086c2d21f2850672d5 HTTP/1.1 to file, referer: http://localhost/wordpress/wp-admin/post.php?post=471&action=edit
[Wed Jan 28 20:31:31.512704 2026] [core:error] [pid 9948:tid 1856] (20024)The given path is misformatted or contained invalid characters: [client ::1:52085] AH00127: Cannot map GET /wordpress/wp-content/plugins/C:/xampp/htdocs/wordpress/wp-content/themes/hestia/vendor/codeinwp/themeisle-sdk/assets/js/build/promos/index.js?ver=1e086c2d21f2850672d5 HTTP/1.1 to file, referer: http://localhost/wordpress/wp-admin/post.php?post=471&action=edit
[Wed Jan 28 20:31:33.319369 2026] [php:warn] [pid 9948:tid 1856] [client ::1:52085] PHP Warning:  Attempt to read property "ID" on null in C:\\xampp\\htdocs\\wordpress\\wp-content\\themes\\hestia\\inc\\views\\class-hestia-tweaks.php on line 75, referer: http://localhost/wordpress/wp-admin/post.php?post=471&action=edit
[Wed Jan 28 20:31:41.381439 2026] [core:error] [pid 9948:tid 1888] (20024)The given path is misformatted or contained invalid characters: [client ::1:52086] AH00127: Cannot map GET /wordpress/wp-content/plugins/C:/xampp/htdocs/wordpress/wp-content/themes/hestia/vendor/codeinwp/themeisle-sdk/assets/js/build/promos/style-index.css?ver=1e086c2d21f2850672d5 HTTP/1.1 to file, referer: http://localhost/wordpress/wp-admin/post.php?post=471&action=elementor
[Wed Jan 28 20:31:41.740706 2026] [core:error] [pid 9948:tid 1844] (20024)The given path is misformatted or contained invalid characters: [client ::1:52097] AH00127: Cannot map GET /wordpress/wp-content/plugins/C:/xampp/htdocs/wordpress/wp-content/themes/hestia/vendor/codeinwp/themeisle-sdk/assets/js/build/promos/index.js?ver=1e086c2d21f2850672d5 HTTP/1.1 to file, referer: http://localhost/wordpress/wp-admin/post.php?post=471&action=elementor
[Wed Jan 28 20:31:43.898571 2026] [php:warn] [pid 9948:tid 1916] [client ::1:52130] PHP Warning:  Attempt to read property "ID" on null in C:\\xampp\\htdocs\\wordpress\\wp-content\\themes\\hestia\\inc\\views\\class-hestia-tweaks.php on line 75, referer: http://localhost/wordpress/wp-admin/post.php?post=471&action=elementor
[Wed Jan 28 20:33:46.224017 2026] [core:error] [pid 9948:tid 1888] (20024)The given path is misformatted or contained invalid characters: [client ::1:52182] AH00127: Cannot map GET /wordpress/wp-content/plugins/C:/xampp/htdocs/wordpress/wp-content/themes/hestia/vendor/codeinwp/themeisle-sdk/assets/js/build/promos/style-index.css?ver=1e086c2d21f2850672d5 HTTP/1.1 to file, referer: http://localhost/wordpress/wp-admin/post.php?post=471&action=edit
[Wed Jan 28 20:33:46.571429 2026] [core:error] [pid 9948:tid 1916] (20024)The given path is misformatted or contained invalid characters: [client ::1:52179] AH00127: Cannot map GET /wordpress/wp-content/plugins/C:/xampp/htdocs/wordpress/wp-content/themes/hestia/vendor/codeinwp/themeisle-sdk/assets/js/build/promos/index.js?ver=1e086c2d21f2850672d5 HTTP/1.1 to file, referer: http://localhost/wordpress/wp-admin/post.php?post=471&action=edit
[Wed Jan 28 20:33:48.128632 2026] [php:warn] [pid 9948:tid 1916] [client ::1:52179] PHP Warning:  Attempt to read property "ID" on null in C:\\xampp\\htdocs\\wordpress\\wp-content\\themes\\hestia\\inc\\views\\class-hestia-tweaks.php on line 75, referer: http://localhost/wordpress/wp-admin/post.php?post=471&action=edit
[Wed Jan 28 20:43:48.962878 2026] [php:warn] [pid 9948:tid 1860] [client ::1:52364] PHP Warning:  Attempt to read property "ID" on null in C:\\xampp\\htdocs\\wordpress\\wp-content\\themes\\hestia\\inc\\views\\class-hestia-tweaks.php on line 75, referer: http://localhost/wordpress/wp-admin/edit.php
[Wed Jan 28 20:43:50.283565 2026] [core:error] [pid 9948:tid 1840] (20024)The given path is misformatted or contained invalid characters: [client ::1:52366] AH00127: Cannot map GET /wordpress/wp-content/plugins/C:/xampp/htdocs/wordpress/wp-content/themes/hestia/vendor/codeinwp/themeisle-sdk/assets/js/build/promos/style-index.css?ver=1e086c2d21f2850672d5 HTTP/1.1 to file, referer: http://localhost/wordpress/wp-admin/post-new.php
[Wed Jan 28 20:43:50.393272 2026] [core:error] [pid 9948:tid 1860] (20024)The given path is misformatted or contained invalid characters: [client ::1:52364] AH00127: Cannot map GET /wordpress/wp-content/plugins/C:/xampp/htdocs/wordpress/wp-content/themes/hestia/vendor/codeinwp/themeisle-sdk/assets/js/build/promos/index.js?ver=1e086c2d21f2850672d5 HTTP/1.1 to file, referer: http://localhost/wordpress/wp-admin/post-new.php
[Wed Jan 28 20:43:52.204554 2026] [php:warn] [pid 9948:tid 1860] [client ::1:52364] PHP Warning:  Attempt to read property "ID" on null in C:\\xampp\\htdocs\\wordpress\\wp-content\\themes\\hestia\\inc\\views\\class-hestia-tweaks.php on line 75, referer: http://localhost/wordpress/wp-admin/post-new.php
[Wed Jan 28 20:44:28.404597 2026] [php:warn] [pid 9948:tid 1888] [client ::1:52408] PHP Warning:  Attempt to read property "ID" on null in C:\\xampp\\htdocs\\wordpress\\wp-content\\themes\\hestia\\inc\\views\\class-hestia-tweaks.php on line 75, referer: http://localhost/wordpress/wp-admin/post-new.php
[Wed Jan 28 20:45:50.808884 2026] [php:warn] [pid 9948:tid 1916] [client ::1:52549] PHP Warning:  Attempt to read property "ID" on null in C:\\xampp\\htdocs\\wordpress\\wp-content\\themes\\hestia\\inc\\views\\class-hestia-tweaks.php on line 75, referer: http://localhost/wordpress/wp-admin/post.php?post=521&action=edit
[Wed Jan 28 20:45:51.880035 2026] [core:error] [pid 9948:tid 1864] (20024)The given path is misformatted or contained invalid characters: [client ::1:52547] AH00127: Cannot map GET /wordpress/wp-content/plugins/C:/xampp/htdocs/wordpress/wp-content/themes/hestia/vendor/codeinwp/themeisle-sdk/assets/js/build/promos/style-index.css?ver=1e086c2d21f2850672d5 HTTP/1.1 to file, referer: http://localhost/wordpress/wp-admin/post-new.php
[Wed Jan 28 20:45:52.840589 2026] [core:error] [pid 9948:tid 1864] (20024)The given path is misformatted or contained invalid characters: [client ::1:52547] AH00127: Cannot map GET /wordpress/wp-content/plugins/C:/xampp/htdocs/wordpress/wp-content/themes/hestia/vendor/codeinwp/themeisle-sdk/assets/js/build/promos/index.js?ver=1e086c2d21f2850672d5 HTTP/1.1 to file, referer: http://localhost/wordpress/wp-admin/post-new.php
[Wed Jan 28 20:45:53.916748 2026] [php:warn] [pid 9948:tid 1916] [client ::1:52549] PHP Warning:  Attempt to read property "ID" on null in C:\\xampp\\htdocs\\wordpress\\wp-content\\themes\\hestia\\inc\\views\\class-hestia-tweaks.php on line 75, referer: http://localhost/wordpress/wp-admin/post-new.php
[Wed Jan 28 20:46:29.687963 2026] [php:warn] [pid 9948:tid 1840] [client ::1:52595] PHP Warning:  Attempt to read property "ID" on null in C:\\xampp\\htdocs\\wordpress\\wp-content\\themes\\hestia\\inc\\views\\class-hestia-tweaks.php on line 75, referer: http://localhost/wordpress/wp-admin/post-new.php
[Wed Jan 28 20:47:18.401823 2026] [php:warn] [pid 9948:tid 1840] [client ::1:52632] PHP Warning:  Attempt to read property "ID" on null in C:\\xampp\\htdocs\\wordpress\\wp-content\\themes\\hestia\\inc\\views\\class-hestia-tweaks.php on line 75, referer: http://localhost/wordpress/wp-admin/post.php?post=524&action=edit
[Wed Jan 28 20:47:19.524197 2026] [core:error] [pid 9948:tid 1860] (20024)The given path is misformatted or contained invalid characters: [client ::1:52630] AH00127: Cannot map GET /wordpress/wp-content/plugins/C:/xampp/htdocs/wordpress/wp-content/themes/hestia/vendor/codeinwp/themeisle-sdk/assets/js/build/promos/style-index.css?ver=1e086c2d21f2850672d5 HTTP/1.1 to file, referer: http://localhost/wordpress/wp-admin/post-new.php
[Wed Jan 28 20:47:19.926025 2026] [core:error] [pid 9948:tid 1860] (20024)The given path is misformatted or contained invalid characters: [client ::1:52630] AH00127: Cannot map GET /wordpress/wp-content/plugins/C:/xampp/htdocs/wordpress/wp-content/themes/hestia/vendor/codeinwp/themeisle-sdk/assets/js/build/promos/index.js?ver=1e086c2d21f2850672d5 HTTP/1.1 to file, referer: http://localhost/wordpress/wp-admin/post-new.php
[Wed Jan 28 20:47:21.093969 2026] [php:warn] [pid 9948:tid 1840] [client ::1:52632] PHP Warning:  Attempt to read property "ID" on null in C:\\xampp\\htdocs\\wordpress\\wp-content\\themes\\hestia\\inc\\views\\class-hestia-tweaks.php on line 75, referer: http://localhost/wordpress/wp-admin/post-new.php
[Wed Jan 28 20:48:03.310975 2026] [php:warn] [pid 9948:tid 1864] [client ::1:52666] PHP Warning:  Attempt to read property "ID" on null in C:\\xampp\\htdocs\\wordpress\\wp-content\\themes\\hestia\\inc\\views\\class-hestia-tweaks.php on line 75, referer: http://localhost/wordpress/wp-admin/post-new.php
[Wed Jan 28 20:48:14.230380 2026] [php:warn] [pid 9948:tid 1864] [client ::1:52699] PHP Warning:  Attempt to read property "ID" on null in C:\\xampp\\htdocs\\wordpress\\wp-content\\themes\\hestia\\inc\\views\\class-hestia-tweaks.php on line 75, referer: http://localhost/wordpress/wp-admin/post.php?post=527&action=edit
[Wed Jan 28 20:48:15.331918 2026] [core:error] [pid 9948:tid 1916] (20024)The given path is misformatted or contained invalid characters: [client ::1:52685] AH00127: Cannot map GET /wordpress/wp-content/plugins/C:/xampp/htdocs/wordpress/wp-content/themes/hestia/vendor/codeinwp/themeisle-sdk/assets/js/build/promos/style-index.css?ver=1e086c2d21f2850672d5 HTTP/1.1 to file, referer: http://localhost/wordpress/wp-admin/post-new.php
[Wed Jan 28 20:48:15.791672 2026] [core:error] [pid 9948:tid 1864] (20024)The given path is misformatted or contained invalid characters: [client ::1:52699] AH00127: Cannot map GET /wordpress/wp-content/plugins/C:/xampp/htdocs/wordpress/wp-content/themes/hestia/vendor/codeinwp/themeisle-sdk/assets/js/build/promos/index.js?ver=1e086c2d21f2850672d5 HTTP/1.1 to file, referer: http://localhost/wordpress/wp-admin/post-new.php
[Wed Jan 28 20:48:16.999667 2026] [php:warn] [pid 9948:tid 1864] [client ::1:52699] PHP Warning:  Attempt to read property "ID" on null in C:\\xampp\\htdocs\\wordpress\\wp-content\\themes\\hestia\\inc\\views\\class-hestia-tweaks.php on line 75, referer: http://localhost/wordpress/wp-admin/post-new.php
[Wed Jan 28 20:49:17.144245 2026] [php:warn] [pid 9948:tid 1864] [client ::1:52786] PHP Warning:  Attempt to read property "ID" on null in C:\\xampp\\htdocs\\wordpress\\wp-content\\themes\\hestia\\inc\\views\\class-hestia-tweaks.php on line 75, referer: http://localhost/wordpress/wp-admin/post-new.php
[Wed Jan 28 20:49:22.588335 2026] [php:warn] [pid 9948:tid 1840] [client ::1:52791] PHP Warning:  Attempt to read property "ID" on null in C:\\xampp\\htdocs\\wordpress\\wp-content\\themes\\hestia\\inc\\views\\class-hestia-tweaks.php on line 75, referer: http://localhost/wordpress/wp-admin/post.php?post=530&action=edit
[Wed Jan 28 20:49:44.539510 2026] [core:error] [pid 9948:tid 1888] (20024)The given path is misformatted or contained invalid characters: [client ::1:52814] AH00127: Cannot map GET /wordpress/wp-content/plugins/C:/xampp/htdocs/wordpress/wp-content/themes/hestia/vendor/codeinwp/themeisle-sdk/assets/js/build/promos/style-index.css?ver=1e086c2d21f2850672d5 HTTP/1.1 to file, referer: http://localhost/wordpress/wp-admin/post.php?post=474&action=edit
[Wed Jan 28 20:49:44.694700 2026] [core:error] [pid 9948:tid 1840] (20024)The given path is misformatted or contained invalid characters: [client ::1:52812] AH00127: Cannot map GET /wordpress/wp-content/plugins/C:/xampp/htdocs/wordpress/wp-content/themes/hestia/vendor/codeinwp/themeisle-sdk/assets/js/build/promos/index.js?ver=1e086c2d21f2850672d5 HTTP/1.1 to file, referer: http://localhost/wordpress/wp-admin/post.php?post=474&action=edit
[Wed Jan 28 20:49:46.060456 2026] [php:warn] [pid 9948:tid 1840] [client ::1:52812] PHP Warning:  Attempt to read property "ID" on null in C:\\xampp\\htdocs\\wordpress\\wp-content\\themes\\hestia\\inc\\views\\class-hestia-tweaks.php on line 75, referer: http://localhost/wordpress/wp-admin/post.php?post=474&action=edit
[Wed Jan 28 20:49:50.139304 2026] [core:error] [pid 9948:tid 1888] (20024)The given path is misformatted or contained invalid characters: [client ::1:52814] AH00127: Cannot map GET /wordpress/wp-content/plugins/C:/xampp/htdocs/wordpress/wp-content/themes/hestia/vendor/codeinwp/themeisle-sdk/assets/js/build/promos/style-index.css?ver=1e086c2d21f2850672d5 HTTP/1.1 to file, referer: http://localhost/wordpress/wp-admin/post.php?post=474&action=elementor
[Wed Jan 28 20:49:50.441868 2026] [core:error] [pid 9948:tid 1840] (20024)The given path is misformatted or contained invalid characters: [client ::1:52812] AH00127: Cannot map GET /wordpress/wp-content/plugins/C:/xampp/htdocs/wordpress/wp-content/themes/hestia/vendor/codeinwp/themeisle-sdk/assets/js/build/promos/index.js?ver=1e086c2d21f2850672d5 HTTP/1.1 to file, referer: http://localhost/wordpress/wp-admin/post.php?post=474&action=elementor
[Wed Jan 28 20:49:52.090160 2026] [php:warn] [pid 9948:tid 1916] [client ::1:52863] PHP Warning:  Attempt to read property "ID" on null in C:\\xampp\\htdocs\\wordpress\\wp-content\\themes\\hestia\\inc\\views\\class-hestia-tweaks.php on line 75, referer: http://localhost/wordpress/wp-admin/post.php?post=474&action=elementor
[Wed Jan 28 20:50:34.172379 2026] [core:error] [pid 9948:tid 1860] (20024)The given path is misformatted or contained invalid characters: [client ::1:52897] AH00127: Cannot map GET /wordpress/wp-content/plugins/C:/xampp/htdocs/wordpress/wp-content/themes/hestia/vendor/codeinwp/themeisle-sdk/assets/js/build/promos/style-index.css?ver=1e086c2d21f2850672d5 HTTP/1.1 to file, referer: http://localhost/wordpress/wp-admin/post.php?post=474&action=edit
[Wed Jan 28 20:50:34.400295 2026] [core:error] [pid 9948:tid 1840] (20024)The given path is misformatted or contained invalid characters: [client ::1:52896] AH00127: Cannot map GET /wordpress/wp-content/plugins/C:/xampp/htdocs/wordpress/wp-content/themes/hestia/vendor/codeinwp/themeisle-sdk/assets/js/build/promos/index.js?ver=1e086c2d21f2850672d5 HTTP/1.1 to file, referer: http://localhost/wordpress/wp-admin/post.php?post=474&action=edit
[Wed Jan 28 20:50:35.739700 2026] [php:warn] [pid 9948:tid 1840] [client ::1:52896] PHP Warning:  Attempt to read property "ID" on null in C:\\xampp\\htdocs\\wordpress\\wp-content\\themes\\hestia\\inc\\views\\class-hestia-tweaks.php on line 75, referer: http://localhost/wordpress/wp-admin/post.php?post=474&action=edit
[Wed Jan 28 20:51:25.453643 2026] [core:error] [pid 9948:tid 1856] (20024)The given path is misformatted or contained invalid characters: [client ::1:52942] AH00127: Cannot map GET /wordpress/wp-content/plugins/C:/xampp/htdocs/wordpress/wp-content/themes/hestia/vendor/codeinwp/themeisle-sdk/assets/js/build/promos/style-index.css?ver=1e086c2d21f2850672d5 HTTP/1.1 to file, referer: http://localhost/wordpress/wp-admin/post.php?post=51&action=elementor
[Wed Jan 28 20:51:25.778964 2026] [core:error] [pid 9948:tid 1864] (20024)The given path is misformatted or contained invalid characters: [client ::1:52940] AH00127: Cannot map GET /wordpress/wp-content/plugins/C:/xampp/htdocs/wordpress/wp-content/themes/hestia/vendor/codeinwp/themeisle-sdk/assets/js/build/promos/index.js?ver=1e086c2d21f2850672d5 HTTP/1.1 to file, referer: http://localhost/wordpress/wp-admin/post.php?post=51&action=elementor
[Wed Jan 28 20:51:27.640875 2026] [php:warn] [pid 9948:tid 1860] [client ::1:52971] PHP Warning:  Attempt to read property "ID" on null in C:\\xampp\\htdocs\\wordpress\\wp-content\\themes\\hestia\\inc\\views\\class-hestia-tweaks.php on line 75, referer: http://localhost/wordpress/wp-admin/post.php?post=51&action=elementor
[Wed Jan 28 20:53:19.135152 2026] [core:error] [pid 9948:tid 1856] (20024)The given path is misformatted or contained invalid characters: [client ::1:53048] AH00127: Cannot map GET /wordpress/wp-content/plugins/C:/xampp/htdocs/wordpress/wp-content/themes/hestia/vendor/codeinwp/themeisle-sdk/assets/js/build/promos/style-index.css?ver=1e086c2d21f2850672d5 HTTP/1.1 to file, referer: http://localhost/wordpress/wp-admin/post.php?post=458&action=elementor
[Wed Jan 28 20:53:19.934338 2026] [core:error] [pid 9948:tid 1852] (20024)The given path is misformatted or contained invalid characters: [client ::1:53066] AH00127: Cannot map GET /wordpress/wp-content/plugins/C:/xampp/htdocs/wordpress/wp-content/themes/hestia/vendor/codeinwp/themeisle-sdk/assets/js/build/promos/index.js?ver=1e086c2d21f2850672d5 HTTP/1.1 to file, referer: http://localhost/wordpress/wp-admin/post.php?post=458&action=elementor
[Wed Jan 28 20:53:21.178724 2026] [php:warn] [pid 9948:tid 1852] [client ::1:53066] PHP Warning:  Attempt to read property "ID" on null in C:\\xampp\\htdocs\\wordpress\\wp-content\\themes\\hestia\\inc\\views\\class-hestia-tweaks.php on line 75, referer: http://localhost/wordpress/wp-admin/post.php?post=458&action=elementor
[Wed Jan 28 21:01:06.421132 2026] [core:error] [pid 9948:tid 1860] (20024)The given path is misformatted or contained invalid characters: [client ::1:53217] AH00127: Cannot map GET /wordpress/wp-content/plugins/C:/xampp/htdocs/wordpress/wp-content/themes/hestia/vendor/codeinwp/themeisle-sdk/assets/js/build/promos/style-index.css?ver=1e086c2d21f2850672d5 HTTP/1.1 to file, referer: http://localhost/wordpress/wp-admin/post.php?post=458&action=edit
[Wed Jan 28 21:01:06.655473 2026] [core:error] [pid 9948:tid 1864] (20024)The given path is misformatted or contained invalid characters: [client ::1:53216] AH00127: Cannot map GET /wordpress/wp-content/plugins/C:/xampp/htdocs/wordpress/wp-content/themes/hestia/vendor/codeinwp/themeisle-sdk/assets/js/build/promos/index.js?ver=1e086c2d21f2850672d5 HTTP/1.1 to file, referer: http://localhost/wordpress/wp-admin/post.php?post=458&action=edit
[Wed Jan 28 21:01:08.006845 2026] [php:warn] [pid 9948:tid 1864] [client ::1:53216] PHP Warning:  Attempt to read property "ID" on null in C:\\xampp\\htdocs\\wordpress\\wp-content\\themes\\hestia\\inc\\views\\class-hestia-tweaks.php on line 75, referer: http://localhost/wordpress/wp-admin/post.php?post=458&action=edit
[Wed Jan 28 21:01:30.660841 2026] [core:error] [pid 9948:tid 1856] (20024)The given path is misformatted or contained invalid characters: [client ::1:53263] AH00127: Cannot map GET /wordpress/wp-content/plugins/C:/xampp/htdocs/wordpress/wp-content/themes/hestia/vendor/codeinwp/themeisle-sdk/assets/js/build/promos/style-index.css?ver=1e086c2d21f2850672d5 HTTP/1.1 to file, referer: http://localhost/wordpress/wp-admin/post.php?post=458&action=elementor
[Wed Jan 28 21:01:31.431759 2026] [core:error] [pid 9948:tid 1852] (20024)The given path is misformatted or contained invalid characters: [client ::1:53281] AH00127: Cannot map GET /wordpress/wp-content/plugins/C:/xampp/htdocs/wordpress/wp-content/themes/hestia/vendor/codeinwp/themeisle-sdk/assets/js/build/promos/index.js?ver=1e086c2d21f2850672d5 HTTP/1.1 to file, referer: http://localhost/wordpress/wp-admin/post.php?post=458&action=elementor
[Wed Jan 28 21:01:32.623113 2026] [php:warn] [pid 9948:tid 1852] [client ::1:53281] PHP Warning:  Attempt to read property "ID" on null in C:\\xampp\\htdocs\\wordpress\\wp-content\\themes\\hestia\\inc\\views\\class-hestia-tweaks.php on line 75, referer: http://localhost/wordpress/wp-admin/post.php?post=458&action=elementor
[Wed Jan 28 21:01:44.448325 2026] [core:error] [pid 9948:tid 1864] (20024)The given path is misformatted or contained invalid characters: [client ::1:53300] AH00127: Cannot map GET /wordpress/wp-content/plugins/C:/xampp/htdocs/wordpress/wp-content/themes/hestia/vendor/codeinwp/themeisle-sdk/assets/js/build/promos/style-index.css?ver=1e086c2d21f2850672d5 HTTP/1.1 to file, referer: http://localhost/wordpress/wp-admin/post.php?post=458&action=edit
[Wed Jan 28 21:01:44.855348 2026] [core:error] [pid 9948:tid 1852] (20024)The given path is misformatted or contained invalid characters: [client ::1:53281] AH00127: Cannot map GET /wordpress/wp-content/plugins/C:/xampp/htdocs/wordpress/wp-content/themes/hestia/vendor/codeinwp/themeisle-sdk/assets/js/build/promos/index.js?ver=1e086c2d21f2850672d5 HTTP/1.1 to file, referer: http://localhost/wordpress/wp-admin/post.php?post=458&action=edit
[Wed Jan 28 21:01:46.179011 2026] [php:warn] [pid 9948:tid 1852] [client ::1:53281] PHP Warning:  Attempt to read property "ID" on null in C:\\xampp\\htdocs\\wordpress\\wp-content\\themes\\hestia\\inc\\views\\class-hestia-tweaks.php on line 75, referer: http://localhost/wordpress/wp-admin/post.php?post=458&action=edit
[Wed Jan 28 21:02:03.420093 2026] [core:error] [pid 9948:tid 1860] (20024)The given path is misformatted or contained invalid characters: [client ::1:53353] AH00127: Cannot map GET /wordpress/wp-content/plugins/C:/xampp/htdocs/wordpress/wp-content/themes/hestia/vendor/codeinwp/themeisle-sdk/assets/js/build/promos/style-index.css?ver=1e086c2d21f2850672d5 HTTP/1.1 to file, referer: http://localhost/wordpress/wp-admin/post.php?post=471&action=elementor
[Wed Jan 28 21:02:03.999098 2026] [core:error] [pid 9948:tid 1864] (20024)The given path is misformatted or contained invalid characters: [client ::1:53362] AH00127: Cannot map GET /wordpress/wp-content/plugins/C:/xampp/htdocs/wordpress/wp-content/themes/hestia/vendor/codeinwp/themeisle-sdk/assets/js/build/promos/index.js?ver=1e086c2d21f2850672d5 HTTP/1.1 to file, referer: http://localhost/wordpress/wp-admin/post.php?post=471&action=elementor
[Wed Jan 28 21:02:05.293182 2026] [php:warn] [pid 9948:tid 1864] [client ::1:53362] PHP Warning:  Attempt to read property "ID" on null in C:\\xampp\\htdocs\\wordpress\\wp-content\\themes\\hestia\\inc\\views\\class-hestia-tweaks.php on line 75, referer: http://localhost/wordpress/wp-admin/post.php?post=471&action=elementor
[Wed Jan 28 21:05:57.443615 2026] [core:error] [pid 9948:tid 1860] (20024)The given path is misformatted or contained invalid characters: [client ::1:53502] AH00127: Cannot map GET /wordpress/wp-content/plugins/C:/xampp/htdocs/wordpress/wp-content/themes/hestia/vendor/codeinwp/themeisle-sdk/assets/js/build/promos/style-index.css?ver=1e086c2d21f2850672d5 HTTP/1.1 to file, referer: http://localhost/wordpress/wp-admin/post.php?post=471&action=edit
[Wed Jan 28 21:05:57.540355 2026] [core:error] [pid 9948:tid 1852] (20024)The given path is misformatted or contained invalid characters: [client ::1:53501] AH00127: Cannot map GET /wordpress/wp-content/plugins/C:/xampp/htdocs/wordpress/wp-content/themes/hestia/vendor/codeinwp/themeisle-sdk/assets/js/build/promos/index.js?ver=1e086c2d21f2850672d5 HTTP/1.1 to file, referer: http://localhost/wordpress/wp-admin/post.php?post=471&action=edit
[Wed Jan 28 21:05:59.114065 2026] [php:warn] [pid 9948:tid 1852] [client ::1:53501] PHP Warning:  Attempt to read property "ID" on null in C:\\xampp\\htdocs\\wordpress\\wp-content\\themes\\hestia\\inc\\views\\class-hestia-tweaks.php on line 75, referer: http://localhost/wordpress/wp-admin/post.php?post=471&action=edit
[Wed Jan 28 21:08:41.716195 2026] [core:error] [pid 9948:tid 1844] (20024)The given path is misformatted or contained invalid characters: [client ::1:53663] AH00127: Cannot map GET /wordpress/wp-content/plugins/C:/xampp/htdocs/wordpress/wp-content/themes/hestia/vendor/codeinwp/themeisle-sdk/assets/js/build/promos/style-index.css?ver=1e086c2d21f2850672d5 HTTP/1.1 to file, referer: http://localhost/wordpress/wp-admin/post.php?post=458&action=elementor
[Wed Jan 28 21:08:42.380444 2026] [core:error] [pid 9948:tid 1916] (20024)The given path is misformatted or contained invalid characters: [client ::1:53666] AH00127: Cannot map GET /wordpress/wp-content/plugins/C:/xampp/htdocs/wordpress/wp-content/themes/hestia/vendor/codeinwp/themeisle-sdk/assets/js/build/promos/index.js?ver=1e086c2d21f2850672d5 HTTP/1.1 to file, referer: http://localhost/wordpress/wp-admin/post.php?post=458&action=elementor
[Wed Jan 28 21:08:43.964959 2026] [php:warn] [pid 9948:tid 1852] [client ::1:53670] PHP Warning:  Attempt to read property "ID" on null in C:\\xampp\\htdocs\\wordpress\\wp-content\\themes\\hestia\\inc\\views\\class-hestia-tweaks.php on line 75, referer: http://localhost/wordpress/wp-admin/post.php?post=458&action=elementor
[Wed Jan 28 21:11:35.240824 2026] [core:error] [pid 9948:tid 1852] (20024)The given path is misformatted or contained invalid characters: [client ::1:53749] AH00127: Cannot map GET /wordpress/wp-content/plugins/C:/xampp/htdocs/wordpress/wp-content/themes/hestia/vendor/codeinwp/themeisle-sdk/assets/js/build/promos/style-index.css?ver=1e086c2d21f2850672d5 HTTP/1.1 to file, referer: http://localhost/wordpress/wp-admin/post.php?post=458&action=edit
[Wed Jan 28 21:11:35.460961 2026] [core:error] [pid 9948:tid 1864] (20024)The given path is misformatted or contained invalid characters: [client ::1:53748] AH00127: Cannot map GET /wordpress/wp-content/plugins/C:/xampp/htdocs/wordpress/wp-content/themes/hestia/vendor/codeinwp/themeisle-sdk/assets/js/build/promos/index.js?ver=1e086c2d21f2850672d5 HTTP/1.1 to file, referer: http://localhost/wordpress/wp-admin/post.php?post=458&action=edit
[Wed Jan 28 21:11:36.858737 2026] [php:warn] [pid 9948:tid 1864] [client ::1:53748] PHP Warning:  Attempt to read property "ID" on null in C:\\xampp\\htdocs\\wordpress\\wp-content\\themes\\hestia\\inc\\views\\class-hestia-tweaks.php on line 75, referer: http://localhost/wordpress/wp-admin/post.php?post=458&action=edit
[Wed Jan 28 21:11:50.033461 2026] [core:error] [pid 9948:tid 1916] (20024)The given path is misformatted or contained invalid characters: [client ::1:53812] AH00127: Cannot map GET /wordpress/wp-content/plugins/C:/xampp/htdocs/wordpress/wp-content/themes/hestia/vendor/codeinwp/themeisle-sdk/assets/js/build/promos/style-index.css?ver=1e086c2d21f2850672d5 HTTP/1.1 to file, referer: http://localhost/wordpress/wp-admin/post.php?post=471&action=elementor
[Wed Jan 28 21:11:50.601569 2026] [core:error] [pid 9948:tid 1856] (20024)The given path is misformatted or contained invalid characters: [client ::1:53814] AH00127: Cannot map GET /wordpress/wp-content/plugins/C:/xampp/htdocs/wordpress/wp-content/themes/hestia/vendor/codeinwp/themeisle-sdk/assets/js/build/promos/index.js?ver=1e086c2d21f2850672d5 HTTP/1.1 to file, referer: http://localhost/wordpress/wp-admin/post.php?post=471&action=elementor
[Wed Jan 28 21:11:52.027823 2026] [php:warn] [pid 9948:tid 1848] [client ::1:53819] PHP Warning:  Attempt to read property "ID" on null in C:\\xampp\\htdocs\\wordpress\\wp-content\\themes\\hestia\\inc\\views\\class-hestia-tweaks.php on line 75, referer: http://localhost/wordpress/wp-admin/post.php?post=471&action=elementor
[Wed Jan 28 21:12:53.790195 2026] [core:error] [pid 9948:tid 1828] (20024)The given path is misformatted or contained invalid characters: [client ::1:53889] AH00127: Cannot map GET /wordpress/wp-content/plugins/C:/xampp/htdocs/wordpress/wp-content/themes/hestia/vendor/codeinwp/themeisle-sdk/assets/js/build/promos/style-index.css?ver=1e086c2d21f2850672d5 HTTP/1.1 to file, referer: http://localhost/wordpress/wp-admin/post.php?post=471&action=edit
[Wed Jan 28 21:12:53.980687 2026] [core:error] [pid 9948:tid 1840] (20024)The given path is misformatted or contained invalid characters: [client ::1:53897] AH00127: Cannot map GET /wordpress/wp-content/plugins/C:/xampp/htdocs/wordpress/wp-content/themes/hestia/vendor/codeinwp/themeisle-sdk/assets/js/build/promos/index.js?ver=1e086c2d21f2850672d5 HTTP/1.1 to file, referer: http://localhost/wordpress/wp-admin/post.php?post=471&action=edit
[Wed Jan 28 21:12:55.295637 2026] [php:warn] [pid 9948:tid 1840] [client ::1:53897] PHP Warning:  Attempt to read property "ID" on null in C:\\xampp\\htdocs\\wordpress\\wp-content\\themes\\hestia\\inc\\views\\class-hestia-tweaks.php on line 75, referer: http://localhost/wordpress/wp-admin/post.php?post=471&action=edit
[Wed Jan 28 21:13:05.763882 2026] [core:error] [pid 9948:tid 1840] (20024)The given path is misformatted or contained invalid characters: [client ::1:53945] AH00127: Cannot map GET /wordpress/wp-content/plugins/C:/xampp/htdocs/wordpress/wp-content/themes/hestia/vendor/codeinwp/themeisle-sdk/assets/js/build/promos/style-index.css?ver=1e086c2d21f2850672d5 HTTP/1.1 to file, referer: http://localhost/wordpress/wp-admin/post.php?post=474&action=elementor
[Wed Jan 28 21:13:06.361249 2026] [core:error] [pid 9948:tid 1836] (20024)The given path is misformatted or contained invalid characters: [client ::1:53950] AH00127: Cannot map GET /wordpress/wp-content/plugins/C:/xampp/htdocs/wordpress/wp-content/themes/hestia/vendor/codeinwp/themeisle-sdk/assets/js/build/promos/index.js?ver=1e086c2d21f2850672d5 HTTP/1.1 to file, referer: http://localhost/wordpress/wp-admin/post.php?post=474&action=elementor
[Wed Jan 28 21:13:07.972995 2026] [php:warn] [pid 9948:tid 1836] [client ::1:53950] PHP Warning:  Attempt to read property "ID" on null in C:\\xampp\\htdocs\\wordpress\\wp-content\\themes\\hestia\\inc\\views\\class-hestia-tweaks.php on line 75, referer: http://localhost/wordpress/wp-admin/post.php?post=474&action=elementor
[Wed Jan 28 21:14:00.981808 2026] [core:error] [pid 9948:tid 1848] (20024)The given path is misformatted or contained invalid characters: [client ::1:54034] AH00127: Cannot map GET /wordpress/wp-content/plugins/C:/xampp/htdocs/wordpress/wp-content/themes/hestia/vendor/codeinwp/themeisle-sdk/assets/js/build/promos/style-index.css?ver=1e086c2d21f2850672d5 HTTP/1.1 to file, referer: http://localhost/wordpress/wp-admin/post.php?post=474&action=edit
[Wed Jan 28 21:14:01.213124 2026] [core:error] [pid 9948:tid 1888] (20024)The given path is misformatted or contained invalid characters: [client ::1:54021] AH00127: Cannot map GET /wordpress/wp-content/plugins/C:/xampp/htdocs/wordpress/wp-content/themes/hestia/vendor/codeinwp/themeisle-sdk/assets/js/build/promos/index.js?ver=1e086c2d21f2850672d5 HTTP/1.1 to file, referer: http://localhost/wordpress/wp-admin/post.php?post=474&action=edit
[Wed Jan 28 21:14:02.586557 2026] [php:warn] [pid 9948:tid 1888] [client ::1:54021] PHP Warning:  Attempt to read property "ID" on null in C:\\xampp\\htdocs\\wordpress\\wp-content\\themes\\hestia\\inc\\views\\class-hestia-tweaks.php on line 75, referer: http://localhost/wordpress/wp-admin/post.php?post=474&action=edit
[Wed Jan 28 21:14:13.146149 2026] [core:error] [pid 9948:tid 1888] (20024)The given path is misformatted or contained invalid characters: [client ::1:54087] AH00127: Cannot map GET /wordpress/wp-content/plugins/C:/xampp/htdocs/wordpress/wp-content/themes/hestia/vendor/codeinwp/themeisle-sdk/assets/js/build/promos/style-index.css?ver=1e086c2d21f2850672d5 HTTP/1.1 to file, referer: http://localhost/wordpress/wp-admin/post.php?post=458&action=elementor
[Wed Jan 28 21:14:13.667736 2026] [core:error] [pid 9948:tid 1852] (20024)The given path is misformatted or contained invalid characters: [client ::1:54090] AH00127: Cannot map GET /wordpress/wp-content/plugins/C:/xampp/htdocs/wordpress/wp-content/themes/hestia/vendor/codeinwp/themeisle-sdk/assets/js/build/promos/index.js?ver=1e086c2d21f2850672d5 HTTP/1.1 to file, referer: http://localhost/wordpress/wp-admin/post.php?post=458&action=elementor
[Wed Jan 28 21:14:15.206620 2026] [php:warn] [pid 9948:tid 1856] [client ::1:54095] PHP Warning:  Attempt to read property "ID" on null in C:\\xampp\\htdocs\\wordpress\\wp-content\\themes\\hestia\\inc\\views\\class-hestia-tweaks.php on line 75, referer: http://localhost/wordpress/wp-admin/post.php?post=458&action=elementor
[Wed Jan 28 21:15:05.709072 2026] [core:error] [pid 9948:tid 1888] (20024)The given path is misformatted or contained invalid characters: [client ::1:54157] AH00127: Cannot map GET /wordpress/wp-content/plugins/C:/xampp/htdocs/wordpress/wp-content/themes/hestia/vendor/codeinwp/themeisle-sdk/assets/js/build/promos/style-index.css?ver=1e086c2d21f2850672d5 HTTP/1.1 to file, referer: http://localhost/wordpress/wp-admin/post.php?post=458&action=edit
[Wed Jan 28 21:15:05.941449 2026] [core:error] [pid 9948:tid 1824] (20024)The given path is misformatted or contained invalid characters: [client ::1:54151] AH00127: Cannot map GET /wordpress/wp-content/plugins/C:/xampp/htdocs/wordpress/wp-content/themes/hestia/vendor/codeinwp/themeisle-sdk/assets/js/build/promos/index.js?ver=1e086c2d21f2850672d5 HTTP/1.1 to file, referer: http://localhost/wordpress/wp-admin/post.php?post=458&action=edit
[Wed Jan 28 21:15:07.272987 2026] [php:warn] [pid 9948:tid 1824] [client ::1:54151] PHP Warning:  Attempt to read property "ID" on null in C:\\xampp\\htdocs\\wordpress\\wp-content\\themes\\hestia\\inc\\views\\class-hestia-tweaks.php on line 75, referer: http://localhost/wordpress/wp-admin/post.php?post=458&action=edit
[Wed Jan 28 21:16:12.630928 2026] [core:error] [pid 9948:tid 1836] (20024)The given path is misformatted or contained invalid characters: [client ::1:54239] AH00127: Cannot map GET /wordpress/wp-content/plugins/C:/xampp/htdocs/wordpress/wp-content/themes/hestia/vendor/codeinwp/themeisle-sdk/assets/js/build/promos/style-index.css?ver=1e086c2d21f2850672d5 HTTP/1.1 to file, referer: http://localhost/wordpress/wp-admin/post.php?post=488&action=edit
[Wed Jan 28 21:16:12.866110 2026] [core:error] [pid 9948:tid 1832] (20024)The given path is misformatted or contained invalid characters: [client ::1:54231] AH00127: Cannot map GET /wordpress/wp-content/plugins/C:/xampp/htdocs/wordpress/wp-content/themes/hestia/vendor/codeinwp/themeisle-sdk/assets/js/build/promos/index.js?ver=1e086c2d21f2850672d5 HTTP/1.1 to file, referer: http://localhost/wordpress/wp-admin/post.php?post=488&action=edit
[Wed Jan 28 21:16:14.251082 2026] [php:warn] [pid 9948:tid 1832] [client ::1:54231] PHP Warning:  Attempt to read property "ID" on null in C:\\xampp\\htdocs\\wordpress\\wp-content\\themes\\hestia\\inc\\views\\class-hestia-tweaks.php on line 75, referer: http://localhost/wordpress/wp-admin/post.php?post=488&action=edit
[Wed Jan 28 21:16:31.528934 2026] [php:warn] [pid 9948:tid 1824] [client ::1:54263] PHP Warning:  Attempt to read property "ID" on null in C:\\xampp\\htdocs\\wordpress\\wp-content\\themes\\hestia\\inc\\views\\class-hestia-tweaks.php on line 75, referer: http://localhost/wordpress/wp-admin/post.php?post=488&action=edit
[Wed Jan 28 21:17:19.222717 2026] [core:error] [pid 9948:tid 1848] (20024)The given path is misformatted or contained invalid characters: [client ::1:54328] AH00127: Cannot map GET /wordpress/wp-content/plugins/C:/xampp/htdocs/wordpress/wp-content/themes/hestia/vendor/codeinwp/themeisle-sdk/assets/js/build/promos/style-index.css?ver=1e086c2d21f2850672d5 HTTP/1.1 to file, referer: http://localhost/wordpress/wp-admin/post.php?post=458&action=elementor
[Wed Jan 28 21:17:19.917451 2026] [core:error] [pid 9948:tid 1824] (20024)The given path is misformatted or contained invalid characters: [client ::1:54334] AH00127: Cannot map GET /wordpress/wp-content/plugins/C:/xampp/htdocs/wordpress/wp-content/themes/hestia/vendor/codeinwp/themeisle-sdk/assets/js/build/promos/index.js?ver=1e086c2d21f2850672d5 HTTP/1.1 to file, referer: http://localhost/wordpress/wp-admin/post.php?post=458&action=elementor
[Wed Jan 28 21:17:21.431585 2026] [php:warn] [pid 9948:tid 1852] [client ::1:54338] PHP Warning:  Attempt to read property "ID" on null in C:\\xampp\\htdocs\\wordpress\\wp-content\\themes\\hestia\\inc\\views\\class-hestia-tweaks.php on line 75, referer: http://localhost/wordpress/wp-admin/post.php?post=458&action=elementor
[Wed Jan 28 21:18:18.310184 2026] [core:error] [pid 9948:tid 1824] (20024)The given path is misformatted or contained invalid characters: [client ::1:54396] AH00127: Cannot map GET /wordpress/wp-content/plugins/C:/xampp/htdocs/wordpress/wp-content/themes/hestia/vendor/codeinwp/themeisle-sdk/assets/js/build/promos/style-index.css?ver=1e086c2d21f2850672d5 HTTP/1.1 to file, referer: http://localhost/wordpress/wp-admin/post.php?post=458&action=edit
[Wed Jan 28 21:18:18.495495 2026] [core:error] [pid 9948:tid 1848] (20024)The given path is misformatted or contained invalid characters: [client ::1:54384] AH00127: Cannot map GET /wordpress/wp-content/plugins/C:/xampp/htdocs/wordpress/wp-content/themes/hestia/vendor/codeinwp/themeisle-sdk/assets/js/build/promos/index.js?ver=1e086c2d21f2850672d5 HTTP/1.1 to file, referer: http://localhost/wordpress/wp-admin/post.php?post=458&action=edit
[Wed Jan 28 21:18:19.947680 2026] [php:warn] [pid 9948:tid 1848] [client ::1:54384] PHP Warning:  Attempt to read property "ID" on null in C:\\xampp\\htdocs\\wordpress\\wp-content\\themes\\hestia\\inc\\views\\class-hestia-tweaks.php on line 75, referer: http://localhost/wordpress/wp-admin/post.php?post=458&action=edit
[Wed Jan 28 21:19:38.919600 2026] [core:error] [pid 9948:tid 1852] (20024)The given path is misformatted or contained invalid characters: [client ::1:54536] AH00127: Cannot map GET /wordpress/wp-content/plugins/C:/xampp/htdocs/wordpress/wp-content/themes/hestia/vendor/codeinwp/themeisle-sdk/assets/js/build/promos/style-index.css?ver=1e086c2d21f2850672d5 HTTP/1.1 to file, referer: http://localhost/wordpress/wp-admin/post.php?post=51&action=elementor
[Wed Jan 28 21:19:39.970184 2026] [core:error] [pid 9948:tid 1848] (20024)The given path is misformatted or contained invalid characters: [client ::1:54547] AH00127: Cannot map GET /wordpress/wp-content/plugins/C:/xampp/htdocs/wordpress/wp-content/themes/hestia/vendor/codeinwp/themeisle-sdk/assets/js/build/promos/index.js?ver=1e086c2d21f2850672d5 HTTP/1.1 to file, referer: http://localhost/wordpress/wp-admin/post.php?post=51&action=elementor
[Wed Jan 28 21:19:42.566457 2026] [php:warn] [pid 9948:tid 1824] [client ::1:54535] PHP Warning:  Attempt to read property "ID" on null in C:\\xampp\\htdocs\\wordpress\\wp-content\\themes\\hestia\\inc\\views\\class-hestia-tweaks.php on line 75, referer: http://localhost/wordpress/wp-admin/post.php?post=51&action=elementor
[Wed Jan 28 21:21:15.743067 2026] [core:error] [pid 9948:tid 1832] (20024)The given path is misformatted or contained invalid characters: [client ::1:54630] AH00127: Cannot map GET /wordpress/wp-content/plugins/C:/xampp/htdocs/wordpress/wp-content/themes/hestia/vendor/codeinwp/themeisle-sdk/assets/js/build/survey/survey_deps.js?ver=44eb6f2a376d36991f76 HTTP/1.1 to file, referer: http://localhost/wordpress/wp-admin/customize.php?url=http%3A%2F%2Flocalhost%2Fwordpress%2F
[Wed Jan 28 21:21:15.831830 2026] [php:warn] [pid 9948:tid 1856] [client ::1:54621] PHP Warning:  Array to string conversion in C:\\xampp\\htdocs\\wordpress\\wp-includes\\formatting.php on line 1128, referer: http://localhost/wordpress/
[Wed Jan 28 21:23:46.297274 2026] [core:error] [pid 9948:tid 1856] (20024)The given path is misformatted or contained invalid characters: [client ::1:54765] AH00127: Cannot map GET /wordpress/wp-content/plugins/C:/xampp/htdocs/wordpress/wp-content/themes/hestia/vendor/codeinwp/themeisle-sdk/assets/js/build/promos/style-index.css?ver=1e086c2d21f2850672d5 HTTP/1.1 to file, referer: http://localhost/wordpress/wp-admin/post.php?post=51&action=edit
[Wed Jan 28 21:23:46.505500 2026] [core:error] [pid 9948:tid 1824] (20024)The given path is misformatted or contained invalid characters: [client ::1:54767] AH00127: Cannot map GET /wordpress/wp-content/plugins/C:/xampp/htdocs/wordpress/wp-content/themes/hestia/vendor/codeinwp/themeisle-sdk/assets/js/build/promos/index.js?ver=1e086c2d21f2850672d5 HTTP/1.1 to file, referer: http://localhost/wordpress/wp-admin/post.php?post=51&action=edit
[Wed Jan 28 21:23:48.145043 2026] [php:warn] [pid 9948:tid 1824] [client ::1:54767] PHP Warning:  Attempt to read property "ID" on null in C:\\xampp\\htdocs\\wordpress\\wp-content\\themes\\hestia\\inc\\views\\class-hestia-tweaks.php on line 75, referer: http://localhost/wordpress/wp-admin/post.php?post=51&action=edit
[Wed Jan 28 21:25:16.779221 2026] [core:error] [pid 9948:tid 1824] (20024)The given path is misformatted or contained invalid characters: [client ::1:54844] AH00127: Cannot map GET /wordpress/wp-content/plugins/C:/xampp/htdocs/wordpress/wp-content/themes/hestia/vendor/codeinwp/themeisle-sdk/assets/js/build/survey/survey_deps.js?ver=44eb6f2a376d36991f76 HTTP/1.1 to file, referer: http://localhost/wordpress/wp-admin/customize.php?url=http%3A%2F%2Flocalhost%2Fwordpress%2F
[Wed Jan 28 21:25:16.832080 2026] [php:warn] [pid 9948:tid 1832] [client ::1:54842] PHP Warning:  Array to string conversion in C:\\xampp\\htdocs\\wordpress\\wp-includes\\formatting.php on line 1128, referer: http://localhost/wordpress/
[Wed Jan 28 21:27:53.968480 2026] [core:error] [pid 9948:tid 1824] (20024)The given path is misformatted or contained invalid characters: [client ::1:54910] AH00127: Cannot map GET /wordpress/wp-content/plugins/C:/xampp/htdocs/wordpress/wp-content/themes/hestia/vendor/codeinwp/themeisle-sdk/assets/js/build/promos/style-index.css?ver=1e086c2d21f2850672d5 HTTP/1.1 to file, referer: http://localhost/wordpress/wp-admin/post.php?post=51&action=elementor
[Wed Jan 28 21:27:54.704996 2026] [core:error] [pid 9948:tid 1832] (20024)The given path is misformatted or contained invalid characters: [client ::1:54900] AH00127: Cannot map GET /wordpress/wp-content/plugins/C:/xampp/htdocs/wordpress/wp-content/themes/hestia/vendor/codeinwp/themeisle-sdk/assets/js/build/promos/index.js?ver=1e086c2d21f2850672d5 HTTP/1.1 to file, referer: http://localhost/wordpress/wp-admin/post.php?post=51&action=elementor
[Wed Jan 28 21:27:57.471651 2026] [php:warn] [pid 9948:tid 1824] [client ::1:54910] PHP Warning:  Attempt to read property "ID" on null in C:\\xampp\\htdocs\\wordpress\\wp-content\\themes\\hestia\\inc\\views\\class-hestia-tweaks.php on line 75, referer: http://localhost/wordpress/wp-admin/post.php?post=51&action=elementor
[Wed Jan 28 21:28:05.253731 2026] [core:error] [pid 9948:tid 1832] (20024)The given path is misformatted or contained invalid characters: [client ::1:54900] AH00127: Cannot map GET /wordpress/wp-content/plugins/C:/xampp/htdocs/wordpress/wp-content/themes/hestia/vendor/codeinwp/themeisle-sdk/assets/js/build/promos/style-index.css?ver=1e086c2d21f2850672d5 HTTP/1.1 to file, referer: http://localhost/wordpress/wp-admin/post.php?post=51&action=edit
[Wed Jan 28 21:28:05.745933 2026] [core:error] [pid 9948:tid 1848] (20024)The given path is misformatted or contained invalid characters: [client ::1:54898] AH00127: Cannot map GET /wordpress/wp-content/plugins/C:/xampp/htdocs/wordpress/wp-content/themes/hestia/vendor/codeinwp/themeisle-sdk/assets/js/build/promos/index.js?ver=1e086c2d21f2850672d5 HTTP/1.1 to file, referer: http://localhost/wordpress/wp-admin/post.php?post=51&action=edit
[Wed Jan 28 21:28:07.406898 2026] [php:warn] [pid 9948:tid 1848] [client ::1:54898] PHP Warning:  Attempt to read property "ID" on null in C:\\xampp\\htdocs\\wordpress\\wp-content\\themes\\hestia\\inc\\views\\class-hestia-tweaks.php on line 75, referer: http://localhost/wordpress/wp-admin/post.php?post=51&action=edit
[Wed Jan 28 21:28:26.906881 2026] [core:error] [pid 9948:tid 1852] (20024)The given path is misformatted or contained invalid characters: [client ::1:54965] AH00127: Cannot map GET /wordpress/wp-content/plugins/C:/xampp/htdocs/wordpress/wp-content/themes/hestia/vendor/codeinwp/themeisle-sdk/assets/js/build/promos/style-index.css?ver=1e086c2d21f2850672d5 HTTP/1.1 to file, referer: http://localhost/wordpress/wp-admin/post.php?post=51&action=elementor
[Wed Jan 28 21:28:27.458611 2026] [core:error] [pid 9948:tid 1848] (20024)The given path is misformatted or contained invalid characters: [client ::1:54966] AH00127: Cannot map GET /wordpress/wp-content/plugins/C:/xampp/htdocs/wordpress/wp-content/themes/hestia/vendor/codeinwp/themeisle-sdk/assets/js/build/promos/index.js?ver=1e086c2d21f2850672d5 HTTP/1.1 to file, referer: http://localhost/wordpress/wp-admin/post.php?post=51&action=elementor
[Wed Jan 28 21:28:30.140188 2026] [php:warn] [pid 9948:tid 1852] [client ::1:54965] PHP Warning:  Attempt to read property "ID" on null in C:\\xampp\\htdocs\\wordpress\\wp-content\\themes\\hestia\\inc\\views\\class-hestia-tweaks.php on line 75, referer: http://localhost/wordpress/wp-admin/post.php?post=51&action=elementor
[Wed Jan 28 21:32:11.216629 2026] [core:error] [pid 9948:tid 1832] (20024)The given path is misformatted or contained invalid characters: [client ::1:55192] AH00127: Cannot map GET /wordpress/wp-content/plugins/C:/xampp/htdocs/wordpress/wp-content/themes/hestia/vendor/codeinwp/themeisle-sdk/assets/js/build/promos/style-index.css?ver=1e086c2d21f2850672d5 HTTP/1.1 to file, referer: http://localhost/wordpress/wp-admin/post.php?post=458&action=elementor
[Wed Jan 28 21:32:11.480922 2026] [core:error] [pid 9948:tid 1824] (20024)The given path is misformatted or contained invalid characters: [client ::1:55172] AH00127: Cannot map GET /wordpress/wp-content/plugins/C:/xampp/htdocs/wordpress/wp-content/themes/hestia/vendor/codeinwp/themeisle-sdk/assets/js/build/promos/index.js?ver=1e086c2d21f2850672d5 HTTP/1.1 to file, referer: http://localhost/wordpress/wp-admin/post.php?post=458&action=elementor
[Wed Jan 28 21:32:13.248547 2026] [php:warn] [pid 9948:tid 1828] [client ::1:55200] PHP Warning:  Attempt to read property "ID" on null in C:\\xampp\\htdocs\\wordpress\\wp-content\\themes\\hestia\\inc\\views\\class-hestia-tweaks.php on line 75, referer: http://localhost/wordpress/wp-admin/post.php?post=458&action=elementor
[Wed Jan 28 21:33:14.937043 2026] [core:error] [pid 9948:tid 1856] (20024)The given path is misformatted or contained invalid characters: [client ::1:55240] AH00127: Cannot map GET /wordpress/wp-content/plugins/C:/xampp/htdocs/wordpress/wp-content/themes/hestia/vendor/codeinwp/themeisle-sdk/assets/js/build/promos/style-index.css?ver=1e086c2d21f2850672d5 HTTP/1.1 to file, referer: http://localhost/wordpress/wp-admin/post.php?post=458&action=edit
[Wed Jan 28 21:33:15.205178 2026] [core:error] [pid 9948:tid 1828] (20024)The given path is misformatted or contained invalid characters: [client ::1:55238] AH00127: Cannot map GET /wordpress/wp-content/plugins/C:/xampp/htdocs/wordpress/wp-content/themes/hestia/vendor/codeinwp/themeisle-sdk/assets/js/build/promos/index.js?ver=1e086c2d21f2850672d5 HTTP/1.1 to file, referer: http://localhost/wordpress/wp-admin/post.php?post=458&action=edit
[Wed Jan 28 21:33:16.553371 2026] [php:warn] [pid 9948:tid 1828] [client ::1:55238] PHP Warning:  Attempt to read property "ID" on null in C:\\xampp\\htdocs\\wordpress\\wp-content\\themes\\hestia\\inc\\views\\class-hestia-tweaks.php on line 75, referer: http://localhost/wordpress/wp-admin/post.php?post=458&action=edit
[Wed Jan 28 21:33:38.611417 2026] [core:error] [pid 9948:tid 1840] (20024)The given path is misformatted or contained invalid characters: [client ::1:55314] AH00127: Cannot map GET /wordpress/wp-content/plugins/C:/xampp/htdocs/wordpress/wp-content/themes/hestia/vendor/codeinwp/themeisle-sdk/assets/js/build/promos/style-index.css?ver=1e086c2d21f2850672d5 HTTP/1.1 to file, referer: http://localhost/wordpress/wp-admin/post.php?post=471&action=elementor
[Wed Jan 28 21:33:38.872329 2026] [core:error] [pid 9948:tid 1828] (20024)The given path is misformatted or contained invalid characters: [client ::1:55238] AH00127: Cannot map GET /wordpress/wp-content/plugins/C:/xampp/htdocs/wordpress/wp-content/themes/hestia/vendor/codeinwp/themeisle-sdk/assets/js/build/promos/index.js?ver=1e086c2d21f2850672d5 HTTP/1.1 to file, referer: http://localhost/wordpress/wp-admin/post.php?post=471&action=elementor
[Wed Jan 28 21:33:40.649597 2026] [php:warn] [pid 9948:tid 1848] [client ::1:55323] PHP Warning:  Attempt to read property "ID" on null in C:\\xampp\\htdocs\\wordpress\\wp-content\\themes\\hestia\\inc\\views\\class-hestia-tweaks.php on line 75, referer: http://localhost/wordpress/wp-admin/post.php?post=471&action=elementor
[Wed Jan 28 21:37:16.147069 2026] [core:error] [pid 9948:tid 1828] (20024)The given path is misformatted or contained invalid characters: [client ::1:55391] AH00127: Cannot map GET /wordpress/wp-content/plugins/C:/xampp/htdocs/wordpress/wp-content/themes/hestia/vendor/codeinwp/themeisle-sdk/assets/js/build/promos/style-index.css?ver=1e086c2d21f2850672d5 HTTP/1.1 to file, referer: http://localhost/wordpress/wp-admin/post.php?post=471&action=edit
[Wed Jan 28 21:37:16.528048 2026] [core:error] [pid 9948:tid 1836] (20024)The given path is misformatted or contained invalid characters: [client ::1:55396] AH00127: Cannot map GET /wordpress/wp-content/plugins/C:/xampp/htdocs/wordpress/wp-content/themes/hestia/vendor/codeinwp/themeisle-sdk/assets/js/build/promos/index.js?ver=1e086c2d21f2850672d5 HTTP/1.1 to file, referer: http://localhost/wordpress/wp-admin/post.php?post=471&action=edit
[Wed Jan 28 21:37:17.668673 2026] [php:warn] [pid 9948:tid 1840] [client ::1:55382] PHP Warning:  Attempt to read property "ID" on null in C:\\xampp\\htdocs\\wordpress\\wp-content\\themes\\hestia\\inc\\views\\class-hestia-tweaks.php on line 75, referer: http://localhost/wordpress/wp-admin/post.php?post=471&action=edit
[Wed Jan 28 21:37:27.488767 2026] [core:error] [pid 9948:tid 1824] (20024)The given path is misformatted or contained invalid characters: [client ::1:55439] AH00127: Cannot map GET /wordpress/wp-content/plugins/C:/xampp/htdocs/wordpress/wp-content/themes/hestia/vendor/codeinwp/themeisle-sdk/assets/js/build/promos/style-index.css?ver=1e086c2d21f2850672d5 HTTP/1.1 to file, referer: http://localhost/wordpress/wp-admin/post.php?post=471&action=elementor
[Wed Jan 28 21:37:27.763034 2026] [core:error] [pid 9948:tid 1852] (20024)The given path is misformatted or contained invalid characters: [client ::1:55422] AH00127: Cannot map GET /wordpress/wp-content/plugins/C:/xampp/htdocs/wordpress/wp-content/themes/hestia/vendor/codeinwp/themeisle-sdk/assets/js/build/promos/index.js?ver=1e086c2d21f2850672d5 HTTP/1.1 to file, referer: http://localhost/wordpress/wp-admin/post.php?post=471&action=elementor
[Wed Jan 28 21:37:29.704528 2026] [php:warn] [pid 9948:tid 1856] [client ::1:55446] PHP Warning:  Attempt to read property "ID" on null in C:\\xampp\\htdocs\\wordpress\\wp-content\\themes\\hestia\\inc\\views\\class-hestia-tweaks.php on line 75, referer: http://localhost/wordpress/wp-admin/post.php?post=471&action=elementor
[Wed Jan 28 21:38:13.783028 2026] [core:error] [pid 9948:tid 1848] (20024)The given path is misformatted or contained invalid characters: [client ::1:55481] AH00127: Cannot map GET /wordpress/wp-content/plugins/C:/xampp/htdocs/wordpress/wp-content/themes/hestia/vendor/codeinwp/themeisle-sdk/assets/js/build/promos/style-index.css?ver=1e086c2d21f2850672d5 HTTP/1.1 to file, referer: http://localhost/wordpress/wp-admin/post.php?post=471&action=edit
[Wed Jan 28 21:38:13.988977 2026] [core:error] [pid 9948:tid 1824] (20024)The given path is misformatted or contained invalid characters: [client ::1:55480] AH00127: Cannot map GET /wordpress/wp-content/plugins/C:/xampp/htdocs/wordpress/wp-content/themes/hestia/vendor/codeinwp/themeisle-sdk/assets/js/build/promos/index.js?ver=1e086c2d21f2850672d5 HTTP/1.1 to file, referer: http://localhost/wordpress/wp-admin/post.php?post=471&action=edit
[Wed Jan 28 21:38:15.358906 2026] [php:warn] [pid 9948:tid 1824] [client ::1:55480] PHP Warning:  Attempt to read property "ID" on null in C:\\xampp\\htdocs\\wordpress\\wp-content\\themes\\hestia\\inc\\views\\class-hestia-tweaks.php on line 75, referer: http://localhost/wordpress/wp-admin/post.php?post=471&action=edit
[Wed Jan 28 21:38:25.575407 2026] [core:error] [pid 9948:tid 1836] (20024)The given path is misformatted or contained invalid characters: [client ::1:55518] AH00127: Cannot map GET /wordpress/wp-content/plugins/C:/xampp/htdocs/wordpress/wp-content/themes/hestia/vendor/codeinwp/themeisle-sdk/assets/js/build/promos/style-index.css?ver=1e086c2d21f2850672d5 HTTP/1.1 to file, referer: http://localhost/wordpress/wp-admin/post.php?post=474&action=elementor
[Wed Jan 28 21:38:25.800891 2026] [core:error] [pid 9948:tid 1836] (20024)The given path is misformatted or contained invalid characters: [client ::1:55518] AH00127: Cannot map GET /wordpress/wp-content/plugins/C:/xampp/htdocs/wordpress/wp-content/themes/hestia/vendor/codeinwp/themeisle-sdk/assets/js/build/promos/index.js?ver=1e086c2d21f2850672d5 HTTP/1.1 to file, referer: http://localhost/wordpress/wp-admin/post.php?post=474&action=elementor
[Wed Jan 28 21:38:27.642865 2026] [php:warn] [pid 9948:tid 1832] [client ::1:55540] PHP Warning:  Attempt to read property "ID" on null in C:\\xampp\\htdocs\\wordpress\\wp-content\\themes\\hestia\\inc\\views\\class-hestia-tweaks.php on line 75, referer: http://localhost/wordpress/wp-admin/post.php?post=474&action=elementor
[Wed Jan 28 21:40:23.675052 2026] [core:error] [pid 9948:tid 1832] (20024)The given path is misformatted or contained invalid characters: [client ::1:55600] AH00127: Cannot map GET /wordpress/wp-content/plugins/C:/xampp/htdocs/wordpress/wp-content/themes/hestia/vendor/codeinwp/themeisle-sdk/assets/js/build/promos/style-index.css?ver=1e086c2d21f2850672d5 HTTP/1.1 to file, referer: http://localhost/wordpress/wp-admin/post.php?post=474&action=edit
[Wed Jan 28 21:40:23.982229 2026] [core:error] [pid 9948:tid 1836] (20024)The given path is misformatted or contained invalid characters: [client ::1:55599] AH00127: Cannot map GET /wordpress/wp-content/plugins/C:/xampp/htdocs/wordpress/wp-content/themes/hestia/vendor/codeinwp/themeisle-sdk/assets/js/build/promos/index.js?ver=1e086c2d21f2850672d5 HTTP/1.1 to file, referer: http://localhost/wordpress/wp-admin/post.php?post=474&action=edit
[Wed Jan 28 21:40:25.232452 2026] [php:warn] [pid 9948:tid 1836] [client ::1:55599] PHP Warning:  Attempt to read property "ID" on null in C:\\xampp\\htdocs\\wordpress\\wp-content\\themes\\hestia\\inc\\views\\class-hestia-tweaks.php on line 75, referer: http://localhost/wordpress/wp-admin/post.php?post=474&action=edit
[Wed Jan 28 21:40:36.679962 2026] [core:error] [pid 9948:tid 1824] (20024)The given path is misformatted or contained invalid characters: [client ::1:55640] AH00127: Cannot map GET /wordpress/wp-content/plugins/C:/xampp/htdocs/wordpress/wp-content/themes/hestia/vendor/codeinwp/themeisle-sdk/assets/js/build/promos/style-index.css?ver=1e086c2d21f2850672d5 HTTP/1.1 to file, referer: http://localhost/wordpress/wp-admin/post.php?post=471&action=elementor
[Wed Jan 28 21:40:37.364649 2026] [core:error] [pid 9948:tid 1848] (20024)The given path is misformatted or contained invalid characters: [client ::1:55648] AH00127: Cannot map GET /wordpress/wp-content/plugins/C:/xampp/htdocs/wordpress/wp-content/themes/hestia/vendor/codeinwp/themeisle-sdk/assets/js/build/promos/index.js?ver=1e086c2d21f2850672d5 HTTP/1.1 to file, referer: http://localhost/wordpress/wp-admin/post.php?post=471&action=elementor
[Wed Jan 28 21:40:38.926549 2026] [php:warn] [pid 9948:tid 1848] [client ::1:55648] PHP Warning:  Attempt to read property "ID" on null in C:\\xampp\\htdocs\\wordpress\\wp-content\\themes\\hestia\\inc\\views\\class-hestia-tweaks.php on line 75, referer: http://localhost/wordpress/wp-admin/post.php?post=471&action=elementor
[Wed Jan 28 21:40:59.888062 2026] [core:error] [pid 9948:tid 1836] (20024)The given path is misformatted or contained invalid characters: [client ::1:55688] AH00127: Cannot map GET /wordpress/wp-content/plugins/C:/xampp/htdocs/wordpress/wp-content/themes/hestia/vendor/codeinwp/themeisle-sdk/assets/js/build/promos/style-index.css?ver=1e086c2d21f2850672d5 HTTP/1.1 to file, referer: http://localhost/wordpress/wp-admin/post.php?post=471&action=edit
[Wed Jan 28 21:41:00.560661 2026] [core:error] [pid 9948:tid 1840] (20024)The given path is misformatted or contained invalid characters: [client ::1:55644] AH00127: Cannot map GET /wordpress/wp-content/plugins/C:/xampp/htdocs/wordpress/wp-content/themes/hestia/vendor/codeinwp/themeisle-sdk/assets/js/build/promos/index.js?ver=1e086c2d21f2850672d5 HTTP/1.1 to file, referer: http://localhost/wordpress/wp-admin/post.php?post=471&action=edit
[Wed Jan 28 21:41:01.926230 2026] [php:warn] [pid 9948:tid 1840] [client ::1:55644] PHP Warning:  Attempt to read property "ID" on null in C:\\xampp\\htdocs\\wordpress\\wp-content\\themes\\hestia\\inc\\views\\class-hestia-tweaks.php on line 75, referer: http://localhost/wordpress/wp-admin/post.php?post=471&action=edit
[Thu Jan 29 14:02:11.206176 2026] [ssl:warn] [pid 3616:tid 444] AH01909: www.example.com:443:0 server certificate does NOT include an ID which matches the server name
[Thu Jan 29 14:02:11.283089 2026] [core:warn] [pid 3616:tid 444] AH00098: pid file C:/xampp/apache/logs/httpd.pid overwritten -- Unclean shutdown of previous Apache run?
[Thu Jan 29 14:02:11.287077 2026] [ssl:warn] [pid 3616:tid 444] AH01909: www.example.com:443:0 server certificate does NOT include an ID which matches the server name
[Thu Jan 29 14:02:11.955740 2026] [mpm_winnt:notice] [pid 3616:tid 444] AH00455: Apache/2.4.58 (Win64) OpenSSL/3.1.3 PHP/8.2.12 configured -- resuming normal operations
[Thu Jan 29 14:02:11.955740 2026] [mpm_winnt:notice] [pid 3616:tid 444] AH00456: Apache Lounge VS17 Server built: Oct 18 2023 13:03:18
[Thu Jan 29 14:02:11.955740 2026] [core:notice] [pid 3616:tid 444] AH00094: Command line: 'c:\\xampp\\apache\\bin\\httpd.exe -d C:/xampp/apache'
[Thu Jan 29 14:02:11.963868 2026] [mpm_winnt:notice] [pid 3616:tid 444] AH00418: Parent: Created child process 5264
[Thu Jan 29 14:02:12.420887 2026] [ssl:warn] [pid 5264:tid 452] AH01909: www.example.com:443:0 server certificate does NOT include an ID which matches the server name
[Thu Jan 29 14:02:12.484447 2026] [ssl:warn] [pid 5264:tid 452] AH01909: www.example.com:443:0 server certificate does NOT include an ID which matches the server name
[Thu Jan 29 14:02:12.537725 2026] [mpm_winnt:notice] [pid 5264:tid 452] AH00354: Child: Starting 150 worker threads.
